Player,Pos,Age,Tm,G,GS,MP,FG,FGA,FG%,3P,3PA,3P%,2P,2PA,2P%,eFG%,FT,FTA,FT%,ORB,DRB,TRB,AST,STL,BLK,TOV,PF,PTS,PER,TS%,3PAr,FTr,ORB%,DRB%,TRB%,AST%,STL%,BLK%,TOV%,USG%, ,OWS,DWS,WS,WS/48, ,OBPM,DBPM,BPM,VORP
Precious Achiuwa,C,22,TOR,21,17,556,71,184,.386,7,26,.269,64,158,.405,.405,19,35,.543,49,124,173,33,11,12,23,53,168,10.5,.421,.141,.190,9.1,25.7,16.9,8.5,1.0,2.1,10.3,17.2,0.0,-0.2,0.6,0.4,.031,0.0,-3.5,-1.2,-4.7,-0.4
Steven Adams,C,28,MEM,24,24,592,63,120,.525,0,0,0.0,63,120,.525,.525,46,70,.657,91,114,205,65,20,18,36,42,172,17.7,.570,.000,.583,16.2,20.8,18.5,14.4,1.6,2.8,19.3,13.2,0.0,1.2,0.5,1.7,.140,0.0,0.7,-1.0,-0.4,0.2
Bam Adebayo,C,24,MIA,18,18,592,126,243,.519,0,1,.000,126,242,.521,.519,85,112,.759,49,134,183,57,20,6,53,59,337,19.8,.577,.004,.461,9.4,25.1,17.4,16.2,1.7,1.1,15.3,25.8,0.0,1.0,0.9,1.8,.149,0.0,0.8,0.9,1.7,0.5
Santi Aldama,PF,21,MEM,13,0,136,21,59,.356,3,26,.115,18,33,.545,.381,6,10,.600,14,23,37,12,2,3,4,13,51,11.0,.402,.441,.169,10.8,18.3,14.5,12.4,0.7,2.0,5.9,20.8,0.0,0.0,0.1,0.0,.018,0.0,-3.6,-3.4,-7.0,-0.2
LaMarcus Aldridge,C,36,BRK,23,6,542,138,242,.570,10,29,.345,128,213,.601,.591,33,41,.805,33,101,134,20,7,25,15,38,319,21.2,.613,.120,.169,6.7,18.8,13.0,6.4,0.6,4.1,5.5,22.4,0.0,1.3,0.7,2.0,.182,0.0,2.1,-0.9,1.1,0.4
Nickeil Alexander-Walker,SG,23,NOP,26,18,749,130,359,.362,53,176,.301,77,183,.421,.436,39,50,.780,27,76,103,70,24,11,39,44,352,11.3,.462,.490,.139,3.8,11.3,7.4,15.1,1.6,1.4,9.3,23.9,0.0,-0.3,0.2,0.0,-0.002,0.0,-1.4,-2.1,-3.5,-0.3
Grayson Allen,SG,26,MIL,24,24,693,110,244,.451,74,174,.425,36,70,.514,.602,29,33,.879,13,76,89,32,16,8,15,38,323,15.0,.625,.713,.135,2.0,11.0,6.6,6.8,1.1,1.1,5.5,16.9,0.0,1.5,0.7,2.2,.153,0.0,2.1,-1.1,1.1,0.5
Jarrett Allen,C,23,CLE,22,22,736,157,221,.710,1,4,.250,156,217,.719,.713,65,96,.677,74,173,247,39,20,28,46,38,380,24.1,.722,.018,.434,11.1,25.2,18.2,9.0,1.3,3.3,14.9,18.4,0.0,2.4,1.3,3.7,.241,0.0,2.9,1.4,4.3,1.2
Jose Alvarado,PG,23,NOP,7,0,38,5,13,.385,2,5,.400,3,8,.375,.462,2,3,.667,2,3,5,9,3,0,0,3,14,20.1,.489,.385,.231,5.5,8.8,7.1,35.8,3.9,0.0,0.0,16.1,0.0,0.1,0.0,0.2,.194,0.0,2.5,2.5,5.1,0.1
Kyle Anderson,PF,28,MEM,21,2,455,66,154,.429,18,50,.360,48,104,.462,.487,15,19,.789,23,87,110,50,18,10,20,30,165,14.3,.508,.325,.123,5.3,20.6,12.9,15.2,1.9,2.0,11.0,16.8,0.0,0.4,0.4,0.8,.088,0.0,-0.3,-0.9,-1.2,0.1
Giannis Antetokounmpo,PF,27,MIL,22,22,713,215,406,.530,27,90,.300,188,316,.595,.563,150,221,.679,42,218,260,128,23,37,71,65,607,31.3,.603,.222,.544,6.3,30.7,18.9,33.7,1.6,5.0,12.4,34.5,0.0,2.7,1.5,4.2,.284,0.0,7.2,3.2,10.4,2.2
Thanasis Antetokounmpo,SF,29,MIL,20,5,257,30,62,.484,0,6,.000,30,56,.536,.484,10,17,.588,21,42,63,15,10,4,13,35,70,10.4,.504,.097,.274,8.7,16.4,12.7,8.1,1.9,1.5,15.8,13.7,0.0,0.1,0.4,0.5,.086,0.0,-3.9,-0.6,-4.4,-0.2
Carmelo Anthony,PF,37,LAL,25,3,705,120,274,.438,63,151,.417,57,123,.463,.553,49,60,.817,18,80,98,21,19,15,19,59,352,14.5,.586,.551,.219,2.7,11.8,7.3,4.4,1.3,1.9,5.9,19.3,0.0,1.1,0.6,1.7,.116,0.0,1.0,-1.7,-0.7,0.2
Cole Anthony,PG,21,ORL,19,19,646,130,309,.421,49,142,.345,81,167,.485,.500,64,73,.877,9,110,119,109,18,4,57,48,373,16.6,.547,.460,.236,1.5,18.1,9.7,29.8,1.3,0.6,14.3,26.5,0.0,0.5,0.4,0.9,.069,0.0,1.8,-1.5,0.3,0.4
OG Anunoby,SF,24,TOR,15,15,560,114,265,.430,41,112,.366,73,153,.477,.508,33,40,.825,24,57,81,41,23,9,25,41,302,16.8,.534,.423,.151,4.4,11.7,7.9,11.8,2.1,1.6,8.1,23.6,0.0,0.8,0.4,1.3,.109,0.0,1.6,-0.8,0.9,0.4
D.J. Augustin,PG,34,HOU,19,0,238,24,59,.407,17,42,.405,7,17,.412,.551,15,17,.882,2,16,18,40,4,0,21,12,80,10.0,.602,.712,.288,0.9,7.0,4.0,24.5,0.8,0.0,24.0,15.5,0.0,0.2,0.1,0.3,.051,0.0,-2.0,-2.4,-4.4,-0.1
Deni Avdija,SF,21,WAS,25,0,533,56,132,.424,19,62,.306,37,70,.529,.496,21,32,.656,21,99,120,31,14,18,13,53,152,11.5,.520,.470,.242,4.4,19.2,12.1,8.2,1.3,2.8,8.2,13.4,0.0,0.4,0.6,1.0,.092,0.0,-1.7,1.0,-0.8,0.2
Joel Ayayi,SG,21,WAS,4,0,10,0,0,0.0,0,0,0.0,0,0,0.0,0.0,0,0,0.0,0,2,2,2,0,0,0,0,0,9.0,0.0,0.0,0.0,0.0,20.7,10.8,24.7,0.0,0.0,0.0,0.0,0.0,0.0,0.0,0.0,.118,0.0,-3.0,2.2,-0.9,0.0
Deandre Ayton,C,23,PHO,18,18,556,132,215,.614,1,5,.200,131,210,.624,.616,29,47,.617,54,145,199,27,14,13,32,42,294,20.7,.624,.023,.219,10.5,26.6,18.8,7.6,1.2,2.0,12.0,20.8,0.0,1.2,1.0,2.2,.187,0.0,1.4,-0.1,1.3,0.5
Udoka Azubuike,C,22,UTA,4,0,8,1,1,1.000,0,0,0.0,1,1,1.000,1.000,0,0,0.0,1,3,4,0,0,0,1,0,2,13.2,1.000,.000,.000,14.5,38.9,27.4,0.0,0.0,0.0,50.0,10.9,0.0,0.0,0.0,0.0,.076,0.0,-0.9,-1.2,-2.1,0.0
Marvin Bagley III,PF,22,SAC,9,0,160,22,44,.500,4,15,.267,18,29,.621,.545,11,16,.688,14,39,53,6,1,1,7,9,59,14.0,.578,.341,.364,9.2,25.5,17.4,5.4,0.3,0.5,12.1,15.4,0.0,0.2,0.1,0.3,.101,0.0,-0.4,-1.5,-1.9,0.0
LaMelo Ball,PG,20,CHO,24,24,799,174,416,.418,70,179,.391,104,237,.439,.502,63,70,.900,37,148,185,198,46,10,78,75,481,21.2,.538,.430,.168,4.7,20.3,12.2,37.4,2.7,1.2,14.9,27.7,0.0,1.5,0.7,2.1,.127,0.0,3.7,0.1,3.8,1.2
Lonzo Ball,PG,24,CHI,25,25,879,114,276,.413,75,176,.426,39,100,.390,.549,8,11,.727,25,114,139,123,42,26,58,62,311,13.9,.554,.638,.040,3.1,14.0,8.6,19.3,2.3,2.6,17.1,16.9,0.0,0.6,1.3,1.9,.104,0.0,0.8,0.8,1.6,0.8
Mo Bamba,C,23,ORL,24,24,704,101,221,.457,32,98,.327,69,123,.561,.529,18,25,.720,54,159,213,44,20,52,36,65,252,15.7,.543,.443,.113,8.1,23.9,16.0,10.0,1.4,6.9,13.4,16.4,0.0,0.4,0.9,1.4,.093,0.0,-0.2,0.4,0.2,0.4
Desmond Bane,SF,23,MEM,24,24,690,148,312,.474,62,155,.400,86,157,.548,.574,29,32,.906,14,92,106,48,21,10,38,59,387,16.1,.593,.497,.103,2.1,14.4,8.2,10.6,1.5,1.3,10.4,22.1,0.0,1.1,0.3,1.5,.102,0.0,1.5,-1.9,-0.5,0.3
Dalano Banton,SF,22,TOR,24,0,315,42,88,.477,6,18,.333,36,70,.514,.511,18,24,.750,16,42,58,40,10,5,26,35,108,12.4,.548,.205,.273,5.2,15.4,10.0,18.4,1.6,1.6,20.9,17.0,0.0,0.2,0.2,0.4,.064,0.0,-2.1,-0.1,-2.2,0.0
Harrison Barnes,PF,29,SAC,19,19,665,110,230,.478,37,93,.398,73,137,.533,.559,104,123,.846,26,110,136,46,19,3,39,27,361,18.6,.635,.404,.535,4.1,17.3,10.7,10.4,1.4,0.4,12.1,20.6,0.0,1.7,0.4,2.1,.155,0.0,3.2,-1.2,2.0,0.7
Scottie Barnes,PF,20,TOR,22,22,784,135,276,.489,15,42,.357,120,234,.513,.516,47,65,.723,63,114,177,71,26,17,45,61,332,16.7,.545,.152,.236,8.3,16.8,12.3,13.9,1.7,2.1,12.9,19.1,0.0,1.1,0.7,1.8,.113,0.0,0.4,-0.3,0.0,0.4
RJ Barrett,SF,21,NYK,23,23,720,124,305,.407,42,121,.347,82,184,.446,.475,50,71,.704,15,118,133,48,11,7,39,47,340,11.7,.506,.397,.233,2.2,17.4,9.8,10.6,0.8,0.9,10.4,22.8,0.0,0.0,0.4,0.4,.030,0.0,-1.7,-2.0,-3.6,-0.3
Will Barton,SG,31,DEN,21,21,702,131,294,.446,53,139,.381,78,155,.503,.536,22,31,.710,14,97,111,87,18,9,36,28,337,15.8,.548,.473,.105,2.2,15.2,8.7,19.4,1.3,1.2,10.5,22.0,0.0,0.7,0.6,1.3,.092,0.0,1.6,-0.7,0.9,0.5
Charles Bassey,PF,21,PHI,10,0,81,12,18,.667,0,3,.000,12,15,.800,.667,5,7,.714,10,19,29,2,1,7,3,11,29,20.3,.688,.167,.389,13.5,25.6,19.6,3.7,0.6,7.7,12.5,13.4,0.0,0.2,0.1,0.4,.211,0.0,0.8,0.8,1.6,0.1
Keita Bates-Diop,SF,26,SAS,17,4,236,24,53,.453,1,11,.091,23,42,.548,.462,9,11,.818,12,44,56,6,7,6,12,10,58,8.9,.501,.208,.208,5.3,19.8,12.5,3.2,1.4,2.3,17.2,12.7,0.0,-0.1,0.3,0.2,.033,0.0,-4.6,-0.8,-5.4,-0.2
Nicolas Batum,PF,33,LAC,14,13,386,50,96,.521,32,73,.438,18,23,.783,.688,5,10,.500,7,70,77,21,16,11,11,17,137,15.6,.682,.760,.104,2.0,18.8,10.6,8.0,2.0,2.5,9.9,12.6,0.0,0.7,0.7,1.4,.170,0.0,1.6,2.2,3.7,0.6
Kent Bazemore,SF,32,LAL,18,13,350,27,81,.333,13,43,.302,14,38,.368,.414,10,13,.769,4,31,35,15,16,5,8,42,77,5.5,.444,.531,.160,1.2,9.2,5.3,5.5,2.2,1.3,8.4,11.5,0.0,-0.2,0.3,0.2,.023,0.0,-5.6,-0.4,-5.9,-0.3
Darius Bazley,PF,21,OKC,23,23,630,73,206,.354,22,81,.272,51,125,.408,.408,26,42,.619,22,128,150,31,18,27,34,19,194,9.3,.432,.393,.204,3.5,21.1,12.1,7.7,1.4,4.1,13.2,17.7,0.0,-1.0,0.8,-0.2,-0.016,0.0,-3.8,-0.5,-4.3,-0.4
Bradley Beal,SG,28,WAS,22,22,786,188,430,.437,34,128,.266,154,302,.510,.477,84,97,.866,20,83,103,129,19,7,74,46,494,17.0,.523,.298,.226,2.9,10.9,7.1,28.7,1.2,0.7,13.5,31.2,0.0,0.3,0.6,0.9,.052,0.0,1.1,-1.5,-0.4,0.3
Malik Beasley,SG,25,MIN,24,0,616,93,261,.356,65,194,.335,28,67,.418,.481,16,22,.727,9,65,74,36,15,4,15,29,267,10.4,.493,.743,.084,1.5,11.5,6.2,8.9,1.2,0.6,5.3,19.3,0.0,0.3,0.5,0.8,.061,0.0,-1.0,-1.5,-2.5,-0.1
DeAndre' Bembry,SF,27,BRK,23,8,462,58,101,.574,9,22,.409,49,79,.620,.619,9,19,.474,17,59,76,26,22,12,16,53,134,12.1,.613,.218,.188,4.1,12.9,8.7,8.0,2.3,2.3,12.8,12.0,0.0,0.5,0.7,1.2,.120,0.0,-2.4,1.5,-0.8,0.1
Dāvis Bertāns,PF,29,WAS,15,0,233,23,80,.288,16,64,.250,7,16,.438,.388,14,15,.933,3,21,24,7,4,1,6,25,76,4.7,.439,.800,.188,1.5,9.3,5.6,4.2,0.9,0.3,6.5,17.8,0.0,-0.2,0.1,-0.1,-0.020,0.0,-4.7,-2.7,-7.5,-0.3
Patrick Beverley,PG,33,MIN,16,12,406,49,107,.458,19,56,.339,30,51,.588,.547,12,17,.706,23,47,70,72,14,16,19,50,129,15.5,.563,.523,.159,5.6,12.6,9.0,25.8,1.7,3.8,14.2,13.7,0.0,0.9,0.5,1.3,.157,0.0,0.6,1.3,1.8,0.4
Saddiq Bey,SF,22,DET,23,23,747,105,301,.349,42,144,.292,63,157,.401,.419,34,45,.756,45,96,141,58,23,4,30,39,286,10.5,.446,.478,.150,6.0,15.1,10.2,12.9,1.5,0.5,8.6,20.1,0.0,-0.3,0.5,0.1,.008,0.0,-1.7,-2.0,-3.7,-0.3
Khem Birch,C,29,TOR,15,3,344,40,80,.500,0,6,.000,40,74,.541,.500,24,33,.727,48,37,85,20,15,7,9,27,104,17.1,.550,.075,.413,14.4,12.4,13.5,8.2,2.2,2.0,8.7,12.9,0.0,0.8,0.3,1.1,.154,0.0,0.0,-0.2,-0.2,0.2
Goga Bitadze,C,22,IND,16,0,138,14,49,.286,4,25,.160,10,24,.417,.327,11,17,.647,16,21,37,3,9,10,5,26,43,10.7,.381,.510,.347,12.8,16.4,14.7,2.9,3.2,6.2,8.1,19.4,0.0,-0.2,0.3,0.1,.039,0.0,-5.4,0.4,-5.0,-0.1
Nemanja Bjelica,C,33,GSW,24,0,340,57,121,.471,22,57,.386,35,64,.547,.562,20,28,.714,21,72,93,36,18,8,29,31,156,16.6,.585,.471,.231,7.0,22.0,14.9,15.3,2.5,2.3,17.9,20.5,0.0,0.3,0.8,1.1,.162,0.0,-0.1,1.2,1.2,0.3
Eric Bledsoe,PG,32,LAC,25,22,666,84,204,.412,19,72,.264,65,132,.492,.458,41,49,.837,18,81,99,86,32,11,51,40,228,11.6,.505,.353,.240,2.9,12.6,7.9,18.9,2.3,1.4,18.4,18.1,0.0,-0.1,1.0,0.9,.065,0.0,-2.8,1.2,-1.6,0.1
Keljin Blevins,SF,26,POR,3,0,14,2,4,.500,2,3,.667,0,1,.000,.750,0,0,0.0,0,1,1,1,0,0,2,0,6,8.5,.750,.750,.000,0.0,8.0,3.9,10.3,0.0,0.0,33.3,18.6,0.0,0.0,0.0,0.0,-0.046,0.0,1.4,-4.2,-2.8,0.0
Bogdan Bogdanović,SG,29,ATL,20,20,564,89,199,.447,43,110,.391,46,89,.517,.555,11,14,.786,7,64,71,49,13,4,18,38,232,12.9,.565,.553,.070,1.4,11.9,6.7,12.3,1.1,0.6,8.1,17.3,0.0,0.8,0.2,1.0,.084,0.0,-0.2,-1.0,-1.2,0.1
Bojan Bogdanović,PF,32,UTA,23,23,695,129,280,.461,58,142,.408,71,138,.514,.564,71,77,.922,18,74,92,44,11,1,35,32,387,16.8,.616,.507,.275,3.0,11.0,7.2,9.5,0.8,0.1,10.0,21.8,0.0,1.8,0.5,2.2,.154,0.0,2.3,-1.4,0.9,0.5
Bol Bol,PF,22,DEN,10,0,47,7,15,.467,0,3,.000,7,12,.583,.467,1,3,.333,2,12,14,2,1,2,0,3,15,13.4,.460,.200,.200,4.7,28.2,16.4,6.3,1.1,4.0,0.0,15.6,0.0,0.0,0.1,0.1,.085,0.0,-1.2,0.4,-0.8,0.0
Leandro Bolmaro,SF,21,MIN,13,1,120,8,24,.333,1,7,.143,7,17,.412,.354,6,7,.857,11,16,27,6,2,0,8,15,23,4.7,.425,.292,.292,9.1,14.5,11.7,6.7,0.8,0.0,22.8,12.2,0.0,-0.1,0.1,0.0,-0.002,0.0,-6.2,-1.7,-7.9,-0.2
Isaac Bonga,SF,22,TOR,8,0,35,1,6,.167,0,2,.000,1,4,.250,.167,2,4,.500,2,2,4,2,4,1,1,5,4,6.3,.258,.333,.667,5.9,6.6,6.2,7.2,5.7,2.8,11.4,10.7,0.0,-0.1,0.1,0.0,.000,0.0,-6.9,3.7,-3.2,0.0
Devin Booker,SG,25,PHO,21,21,676,180,393,.458,50,124,.403,130,269,.483,.522,78,91,.857,18,85,103,94,19,5,57,49,488,19.7,.563,.316,.232,2.9,12.8,8.0,22.7,1.3,0.6,11.6,31.4,0.0,0.9,0.8,1.8,.127,0.0,2.2,-1.1,1.1,0.5
Brandon Boston Jr.,SG,20,LAC,12,0,121,18,46,.391,6,16,.375,12,30,.400,.457,12,13,.923,1,11,12,4,5,3,9,8,54,9.9,.522,.348,.283,0.9,9.4,5.3,5.0,2.0,2.1,14.8,21.8,0.0,-0.1,0.2,0.1,.025,0.0,-4.6,-0.1,-4.7,-0.1
Chris Boucher,PF,29,TOR,22,0,301,52,131,.397,10,54,.185,42,77,.545,.435,24,35,.686,30,57,87,7,11,17,12,31,138,15.9,.471,.412,.267,10.3,21.9,15.7,3.6,1.8,5.6,7.6,22.6,0.0,0.1,0.4,0.5,.083,0.0,-1.8,-0.5,-2.3,0.0
James Bouknight,SG,21,CHO,9,0,40,4,15,.267,1,3,.333,3,12,.250,.300,4,4,1.000,5,2,7,3,0,0,1,4,13,7.5,.388,.200,.267,12.7,5.5,9.2,9.6,0.0,0.0,5.6,18.7,0.0,0.0,0.0,0.0,-0.017,0.0,-4.4,-5.4,-9.8,-0.1
Avery Bradley,SG,31,LAL,22,17,492,42,111,.378,23,65,.354,19,46,.413,.482,2,2,1.000,11,45,56,18,13,4,13,31,109,6.0,.487,.586,.018,2.4,9.5,6.0,4.8,1.3,0.7,10.4,10.8,0.0,-0.1,0.3,0.2,.023,0.0,-3.8,-1.2,-5.0,-0.4
Tony Bradley,C,24,CHI,19,7,241,31,55,.564,0,0,0.0,31,55,.564,.564,5,7,.714,26,54,80,8,1,11,12,25,67,13.0,.577,.000,.127,11.9,24.2,18.1,4.6,0.2,4.0,17.1,12.8,0.0,0.3,0.3,0.6,.118,0.0,-2.1,-0.2,-2.3,0.0
Ignas Brazdeikis,SF,23,ORL,12,0,98,7,28,.250,3,17,.176,4,11,.364,.304,1,2,.500,5,12,17,6,3,0,3,12,18,2.4,.312,.607,.071,5.4,13.0,9.2,8.8,1.5,0.0,9.4,14.0,0.0,-0.2,0.0,-0.2,-0.076,0.0,-6.7,-2.7,-9.4,-0.2
Mikal Bridges,SF,25,PHO,24,24,833,119,221,.538,30,74,.405,89,147,.605,.606,23,27,.852,20,77,97,45,36,13,19,52,291,13.5,.625,.335,.122,2.6,9.4,6.1,7.3,2.1,1.4,7.5,13.1,0.0,1.3,1.1,2.5,.143,0.0,-0.2,0.7,0.5,0.5
Miles Bridges,PF,23,CHO,26,26,952,194,419,.463,57,173,.329,137,246,.557,.531,80,104,.769,33,156,189,85,32,24,46,71,525,17.6,.565,.413,.248,3.5,18.0,10.5,13.2,1.6,2.4,9.0,22.7,0.0,1.6,0.5,2.0,.103,0.0,1.7,-1.1,0.6,0.6
Oshae Brissett,SF,23,IND,15,0,201,26,57,.456,12,28,.429,14,29,.483,.561,3,11,.273,9,31,40,7,4,4,11,15,67,9.6,.542,.491,.193,5.0,16.6,10.9,4.9,1.0,1.7,15.1,15.8,0.0,0.0,0.2,0.2,.037,0.0,-1.2,-1.3,-2.6,0.0
Malcolm Brogdon,PG,29,IND,21,21,746,153,338,.453,39,126,.310,114,212,.538,.510,85,97,.876,21,100,121,130,17,11,50,45,430,19.7,.565,.373,.287,3.1,14.5,8.9,27.5,1.1,1.3,11.6,25.1,0.0,1.8,0.6,2.4,.153,0.0,3.7,-0.3,3.4,1.0
Armoni Brooks,SG,23,HOU,19,0,246,34,94,.362,26,78,.333,8,16,.500,.500,7,8,.875,5,22,27,14,11,3,4,24,101,11.4,.518,.830,.085,2.2,9.4,5.8,8.8,2.1,1.1,3.9,17.4,0.0,0.2,0.2,0.4,.076,0.0,-1.7,-0.3,-2.0,0.0
Dillon Brooks,SF,26,MEM,11,10,287,70,171,.409,18,55,.327,52,116,.448,.462,32,35,.914,8,28,36,31,15,2,26,38,190,14.9,.510,.322,.205,2.9,10.5,6.7,17.3,2.5,0.6,12.2,31.0,0.0,0.0,0.2,0.2,.037,0.0,-1.7,-2.0,-3.7,-0.1
Bruce Brown,SF,25,BRK,21,14,476,60,133,.451,7,23,.304,53,110,.482,.477,9,13,.692,25,62,87,24,26,10,13,51,136,10.9,.490,.173,.098,5.8,13.1,9.6,7.1,2.6,1.9,8.6,14.1,0.0,0.1,0.7,0.8,.085,0.0,-3.5,1.1,-2.4,0.0
Greg Brown III,SF,20,POR,11,0,51,7,20,.350,0,4,.000,7,16,.438,.350,2,7,.286,5,9,14,5,2,4,2,7,16,10.8,.347,.200,.350,10.7,19.8,15.1,14.1,1.9,7.4,8.0,21.4,0.0,-0.1,0.1,0.0,-0.030,0.0,-4.7,0.3,-4.4,0.0
Jaylen Brown,SF,25,BOS,13,13,426,101,218,.463,31,85,.365,70,133,.526,.534,45,59,.763,6,62,68,29,14,6,31,35,278,17.5,.570,.390,.271,1.5,15.7,8.6,12.1,1.6,1.3,11.3,28.4,0.0,0.3,0.5,0.8,.092,0.0,1.8,-0.8,0.9,0.3
Moses Brown,C,22,DAL,9,1,34,5,6,.833,0,0,0.0,5,6,.833,.833,5,10,.500,2,7,9,0,1,2,4,7,15,13.8,.721,.000,1.667,6.0,23.4,14.2,0.0,1.5,5.2,27.8,18.8,0.0,0.0,0.1,0.1,.079,0.0,-7.3,0.2,-7.0,0.0
Sterling Brown,SG,26,DAL,20,0,256,22,62,.355,11,40,.275,11,22,.500,.444,4,4,1.000,14,50,64,15,9,3,14,24,59,8.0,.463,.645,.065,5.6,22.2,13.5,8.2,1.8,1.0,18.0,13.5,0.0,-0.2,0.3,0.1,.023,0.0,-4.1,-0.5,-4.6,-0.2
Troy Brown Jr.,SF,22,CHI,16,0,169,23,54,.426,8,24,.333,15,30,.500,.500,7,11,.636,6,31,37,10,3,0,5,12,61,11.0,.518,.444,.204,3.9,19.8,11.9,8.2,0.9,0.0,7.8,16.6,0.0,0.1,0.2,0.3,.082,0.0,-1.8,-1.6,-3.4,-0.1
Jalen Brunson,PG,25,DAL,22,6,636,127,259,.490,23,68,.338,104,191,.545,.535,42,53,.792,12,71,83,107,17,1,32,41,319,17.8,.565,.263,.205,1.9,12.7,7.0,27.9,1.3,0.1,10.2,22.0,0.0,1.3,0.4,1.7,.132,0.0,1.3,-0.9,0.4,0.4
Reggie Bullock,SF,30,DAL,22,6,514,46,135,.341,25,97,.258,21,38,.553,.433,5,8,.625,5,55,60,13,6,2,14,31,122,3.9,.440,.719,.059,1.0,12.2,6.3,3.5,0.6,0.3,9.2,13.2,0.0,-0.5,0.2,-0.3,-0.028,0.0,-5.0,-2.6,-7.6,-0.7
Trey Burke,PG,29,DAL,13,0,141,31,68,.456,10,24,.417,21,44,.477,.529,10,11,.909,0,9,9,18,5,0,12,9,82,15.3,.563,.353,.162,0.0,7.3,3.4,21.9,1.8,0.0,14.1,26.8,0.0,0.1,0.1,0.2,.054,0.0,0.0,-1.7,-1.7,0.0
Alec Burks,SG,30,NYK,24,5,592,86,207,.415,51,117,.436,35,90,.389,.539,56,68,.824,9,84,93,49,28,7,18,50,279,16.8,.589,.565,.329,1.6,15.1,8.3,12.6,2.4,1.1,7.1,18.9,0.0,1.3,0.6,1.9,.156,0.0,1.3,0.9,2.2,0.6
Jared Butler,SG,21,UTA,14,0,65,8,28,.286,4,16,.250,4,12,.333,.357,4,7,.571,0,7,7,7,2,6,7,13,24,3.9,.386,.571,.250,0.0,11.2,5.9,14.8,1.5,7.8,18.4,25.5,0.0,-0.2,0.1,-0.1,-0.094,0.0,-8.5,1.2,-7.3,-0.1
Jimmy Butler,SF,32,MIA,18,18,607,139,273,.509,6,31,.194,133,242,.550,.520,127,149,.852,29,75,104,94,39,5,35,29,411,27.1,.607,.114,.546,5.4,13.7,9.6,26.7,3.2,0.9,9.4,27.3,0.0,2.5,0.9,3.4,.270,0.0,5.5,2.9,8.5,1.6
Devontae Cacok,PF,25,SAS,1,0,2,1,1,1.000,0,0,0.0,1,1,1.000,1.000,0,0,0.0,1,1,2,1,0,0,0,0,2,80.2,1.000,.000,.000,52.3,53.1,52.7,100.0,0.0,0.0,0.0,21.4,0.0,0.0,0.0,0.0,1.132,0.0,45.6,13.8,59.3,0.0
Kentavious Caldwell-Pope,SG,28,WAS,25,25,725,99,229,.432,52,129,.403,47,100,.470,.546,34,38,.895,15,74,89,42,33,8,31,47,284,12.9,.578,.563,.166,2.3,10.6,6.6,8.6,2.3,0.9,11.2,17.1,0.0,0.6,0.7,1.3,.089,0.0,-0.6,0.8,0.1,0.4
Facundo Campazzo,PG,30,DEN,22,0,414,41,101,.406,24,63,.381,17,38,.447,.525,17,21,.810,8,30,38,55,20,5,25,41,123,11.0,.558,.624,.208,2.1,8.0,5.1,18.2,2.4,1.1,18.5,14.7,0.0,0.3,0.4,0.7,.080,0.0,-2.5,0.5,-2.0,0.0
Vlatko Čančar,PF,24,DEN,5,0,27,4,8,.500,3,3,1.000,1,5,.200,.688,3,4,.750,1,1,2,4,1,0,2,3,14,19.0,.717,.375,.500,4.1,4.1,4.1,21.8,1.9,0.0,17.0,19.6,0.0,0.1,0.0,0.1,.202,0.0,2.7,-0.6,2.1,0.0
Clint Capela,C,27,ATL,25,25,747,127,223,.570,0,1,.000,127,222,.572,.570,31,61,.508,101,216,317,33,22,36,16,61,285,21.1,.570,.004,.274,14.8,30.3,22.7,6.4,1.5,4.4,6.0,15.6,0.0,2.0,1.0,3.0,.194,0.0,1.5,-0.3,1.3,0.6
Vernon Carey Jr.,C,20,CHO,1,0,1,0,1,.000,0,0,0.0,0,1,.000,.000,0,0,0.0,0,1,1,0,0,0,0,0,0,-27.5,.000,.000,.000,0.0,100.0,52.8,0.0,0.0,0.0,0.0,42.2,0.0,0.0,0.0,0.0,-0.903,0.0,-28.8,-16.4,-45.2,0.0
Jevon Carter,PG,26,BRK,24,1,299,21,74,.284,18,58,.310,3,16,.188,.405,3,4,.750,4,31,35,27,8,7,8,30,63,5.7,.416,.784,.054,1.5,10.4,6.2,11.8,1.3,2.1,9.6,12.4,0.0,-0.2,0.3,0.1,.023,0.0,-4.8,0.2,-4.5,-0.2
Wendell Carter Jr.,C,22,ORL,25,25,722,128,248,.516,35,98,.357,93,150,.620,.587,38,54,.704,53,194,247,55,17,16,33,64,329,18.5,.605,.395,.218,7.7,28.5,18.1,12.9,1.1,2.1,10.8,18.2,0.0,1.4,0.7,2.2,.143,0.0,2.2,-0.4,1.7,0.7
Alex Caruso,SG,27,CHI,23,6,658,65,147,.442,23,69,.333,42,78,.538,.520,42,49,.857,22,64,86,94,51,9,34,61,195,14.8,.578,.469,.333,3.7,10.5,7.1,18.9,3.8,1.2,16.8,13.5,0.0,1.0,1.1,2.1,.152,0.0,-1.0,2.5,1.5,0.6
Willie Cauley-Stein,C,28,DAL,18,2,177,16,35,.457,1,2,.500,15,33,.455,.471,1,2,.500,13,25,38,9,6,3,7,17,34,8.7,.474,.057,.057,7.5,16.1,11.6,7.1,1.7,1.5,16.3,10.8,0.0,0.0,0.2,0.2,.048,0.0,-3.8,-0.7,-4.5,-0.1
Justin Champagnie,SF,20,TOR,10,0,38,3,9,.333,0,1,.000,3,8,.375,.333,4,4,1.000,6,4,10,1,0,1,0,6,10,12.1,.465,.111,.444,16.3,12.2,14.3,3.5,0.0,2.6,0.0,12.1,0.0,0.1,0.0,0.1,.124,0.0,-2.6,-2.5,-5.1,0.0
Chris Chiozza,PG,26,GSW,11,0,124,11,30,.367,9,22,.409,2,8,.250,.517,1,1,1.000,5,11,16,18,5,0,9,15,32,8.3,.526,.733,.033,4.6,9.2,7.0,18.8,1.9,0.0,22.8,13.7,0.0,0.0,0.2,0.3,.098,0.0,-3.2,0.7,-2.5,0.0
Josh Christopher,SG,20,HOU,15,0,112,16,43,.372,4,11,.364,12,32,.375,.419,7,9,.778,4,11,15,12,6,0,10,9,43,8.6,.458,.256,.209,3.8,10.3,7.1,16.6,2.5,0.0,17.6,21.5,0.0,-0.2,0.1,-0.1,-0.028,0.0,-4.7,-1.6,-6.4,-0.1
Brandon Clarke,PF,25,MEM,19,0,304,64,105,.610,1,11,.091,63,94,.670,.614,18,27,.667,33,50,83,26,7,17,8,33,147,22.7,.629,.105,.257,11.4,17.8,14.6,13.0,1.1,5.1,6.4,17.2,0.0,1.1,0.2,1.3,.210,0.0,2.2,-0.7,1.5,0.3
Jordan Clarkson,SG,29,UTA,23,0,570,121,327,.370,60,204,.294,61,123,.496,.462,38,46,.826,16,55,71,47,15,5,30,39,340,13.5,.490,.624,.141,3.3,10.0,6.8,13.0,1.3,0.7,8.0,28.8,0.0,0.2,0.5,0.7,.057,0.0,-0.6,-2.2,-2.8,-0.1
Nicolas Claxton,C,22,BRK,6,3,100,14,24,.583,0,0,0.0,14,24,.583,.583,4,11,.364,5,26,31,4,0,4,5,12,32,10.8,.555,.000,.458,5.5,26.2,16.3,5.8,0.0,3.6,14.8,14.9,0.0,0.0,0.1,0.2,.075,0.0,-4.7,-0.7,-5.4,-0.1
Amir Coffey,SG,24,LAC,16,3,207,14,40,.350,10,30,.333,4,10,.400,.475,17,19,.895,3,23,26,11,1,2,5,13,55,8.1,.569,.750,.475,1.6,11.5,6.6,7.2,0.2,0.8,9.4,11.2,0.0,0.2,0.2,0.4,.094,0.0,-2.3,-0.2,-2.6,0.0
John Collins,PF,24,ATL,25,25,807,164,292,.562,31,75,.413,133,217,.613,.615,65,83,.783,43,153,196,54,18,34,27,72,424,21.4,.645,.257,.284,5.8,19.9,13.0,10.1,1.1,3.9,7.6,19.3,0.0,2.6,0.7,3.4,.200,0.0,2.6,0.2,2.8,1.0
Mike Conley,PG,34,UTA,21,21,598,107,210,.510,57,120,.475,50,90,.556,.645,28,33,.848,6,35,41,114,25,6,38,43,299,19.7,.666,.571,.157,1.2,6.1,3.8,28.5,2.1,0.8,14.5,19.1,0.0,2.1,0.6,2.7,.217,0.0,3.7,0.3,4.0,0.9
Pat Connaughton,SG,29,MIL,25,10,721,110,221,.498,69,161,.429,41,60,.683,.654,19,25,.760,21,100,121,36,23,8,21,36,308,15.8,.664,.729,.113,3.1,13.9,8.7,7.3,1.5,1.1,8.3,15.0,0.0,1.6,0.9,2.5,.165,0.0,2.1,-0.2,1.9,0.7
Tyler Cook,PF,24,CHI,1,0,12,2,3,.667,0,0,0.0,2,3,.667,.667,2,2,1.000,0,2,2,2,0,0,1,1,6,19.2,.773,.000,.667,0.0,18.0,9.1,24.2,0.0,0.0,20.5,17.9,0.0,0.0,0.0,0.1,.219,0.0,2.8,2.0,4.9,0.0
Sharife Cooper,PG,20,ATL,5,0,11,1,4,.250,0,2,.000,1,2,.500,.250,0,0,0.0,0,0,0,4,0,0,1,0,2,3.5,.250,.500,.000,0.0,0.0,0.0,47.1,0.0,0.0,20.0,19.9,0.0,0.0,0.0,0.0,-0.149,0.0,-4.7,-5.1,-9.7,0.0
Petr Cornelie,PF,26,DEN,6,0,22,2,9,.222,0,5,.000,2,4,.500,.222,0,0,0.0,5,4,9,3,0,0,2,4,4,2.6,.222,.556,.000,25.1,20.1,22.6,18.5,0.0,0.0,18.2,22.5,0.0,-0.1,0.0,-0.1,-0.144,0.0,-9.2,-5.0,-14.2,-0.1
DeMarcus Cousins,C,31,MIL,3,0,44,7,18,.389,1,5,.200,6,13,.462,.417,10,12,.833,4,11,15,3,3,0,3,8,25,18.7,.537,.278,.667,9.7,25.1,17.6,10.1,3.3,0.0,11.4,25.6,0.0,0.1,0.1,0.2,.180,0.0,-4.0,3.1,-0.9,0.0
Robert Covington,PF,31,POR,25,25,663,61,155,.394,40,115,.348,21,40,.525,.523,3,3,1.000,13,103,116,29,26,25,27,53,165,9.1,.528,.742,.019,2.1,17.4,9.7,5.9,1.9,3.5,14.7,12.0,0.0,-0.1,0.5,0.4,.030,0.0,-2.4,0.5,-2.0,0.0
Torrey Craig,SF,31,IND,25,1,393,52,106,.491,14,51,.275,38,55,.691,.557,17,22,.773,30,52,82,22,11,7,15,41,135,13.6,.584,.481,.208,8.5,14.3,11.4,7.9,1.4,1.5,11.5,14.5,0.0,0.6,0.4,1.0,.122,0.0,-0.2,-0.1,-0.4,0.2
Jae Crowder,PF,31,PHO,24,24,671,75,194,.387,45,133,.338,30,61,.492,.503,27,35,.771,12,102,114,33,31,11,20,55,222,10.7,.530,.686,.180,1.9,15.5,8.9,6.4,2.2,1.4,8.7,14.8,0.0,0.2,1.1,1.3,.096,0.0,-1.6,1.0,-0.6,0.2
Jarrett Culver,SG,22,MEM,8,0,65,14,26,.538,3,9,.333,11,17,.647,.596,4,8,.500,2,9,11,11,3,0,2,1,35,22.2,.593,.346,.308,3.2,15.0,9.0,25.9,2.2,0.0,6.3,20.3,0.0,0.2,0.0,0.3,.189,0.0,2.6,-0.6,2.0,0.1
Cade Cunningham,PG,20,DET,18,18,570,100,264,.379,41,133,.308,59,131,.450,.456,27,32,.844,20,98,118,83,22,11,69,46,268,11.3,.482,.504,.121,3.5,20.2,11.2,25.7,1.9,1.8,19.9,26.1,0.0,-1.0,0.6,-0.4,-0.037,0.0,-2.2,-0.4,-2.6,-0.1
Seth Curry,SG,31,PHI,22,22,754,128,255,.502,47,116,.405,81,139,.583,.594,46,52,.885,11,53,64,58,19,3,38,52,349,14.6,.628,.455,.204,1.6,7.7,4.6,11.9,1.3,0.4,12.0,18.9,0.0,1.3,0.3,1.6,.101,0.0,0.6,-2.3,-1.7,0.1
Stephen Curry,PG,33,GSW,23,23,787,206,469,.439,126,303,.416,80,166,.482,.574,99,106,.934,14,115,129,150,41,11,71,41,637,25.8,.618,.646,.226,2.0,15.2,8.9,31.9,2.5,1.4,12.1,32.0,0.0,2.7,1.6,4.4,.266,0.0,8.0,1.0,9.0,2.2
Anthony Davis,C,28,LAL,24,24,858,230,439,.524,9,48,.188,221,391,.565,.534,109,151,.722,73,173,246,74,31,53,49,56,578,25.2,.572,.109,.344,9.1,21.0,15.2,14.7,1.7,5.6,8.8,27.5,0.0,2.1,1.3,3.4,.193,0.0,3.0,0.3,3.3,1.1
Ed Davis,C,32,CLE,9,2,77,7,10,.700,0,0,0.0,7,10,.700,.700,1,2,.500,4,25,29,1,2,4,3,9,15,12.0,.689,.000,.200,5.7,34.8,20.5,1.8,1.3,4.6,21.6,7.9,0.0,0.0,0.2,0.2,.137,0.0,-3.5,2.5,-1.0,0.0
Terence Davis,SG,24,SAC,16,5,259,50,127,.394,23,77,.299,27,50,.540,.484,11,15,.733,3,36,39,12,12,5,18,33,134,10.6,.501,.606,.118,1.2,14.6,7.9,7.3,2.2,1.6,11.9,24.9,0.0,-0.3,0.2,0.0,-0.006,0.0,-3.6,-0.2,-3.7,-0.1
Gabriel Deck,PF,26,OKC,6,0,45,6,12,.500,1,3,.333,5,9,.556,.542,0,0,0.0,1,4,5,3,1,0,2,2,13,8.8,.542,.250,.000,2.2,9.2,5.7,10.7,1.1,0.0,14.3,13.4,0.0,0.0,0.0,0.0,.023,0.0,-2.7,-2.9,-5.6,0.0
Dewayne Dedmon,C,32,MIA,25,7,392,53,96,.552,7,11,.636,46,85,.541,.589,28,36,.778,44,97,141,16,9,12,22,53,141,16.4,.630,.115,.375,12.8,27.4,20.2,6.1,1.1,3.4,16.4,15.1,0.0,0.8,0.6,1.4,.168,0.0,-1.1,0.0,-1.1,0.1
Sam Dekker,PF,27,TOR,1,0,1,0,0,0.0,0,0,0.0,0,0,0.0,0.0,0,0,0.0,0,0,0,0,0,0,0,0,0,0.0,0.0,0.0,0.0,0.0,0.0,0.0,0.0,0.0,0.0,0.0,0.0,0.0,0.0,0.0,0.0,-0.015,0.0,-8.6,-2.7,-11.3,0.0
DeMar DeRozan,PF,32,CHI,24,24,846,227,456,.498,20,60,.333,207,396,.523,.520,159,179,.888,15,112,127,98,22,9,49,55,633,23.5,.592,.132,.393,2.0,14.3,8.2,19.7,1.3,0.9,8.4,30.3,0.0,2.6,0.9,3.5,.201,0.0,3.8,-0.9,2.9,1.1
Hamidou Diallo,SG,23,DET,16,1,233,40,77,.519,4,15,.267,36,62,.581,.545,14,18,.778,15,30,45,11,10,7,11,27,98,15.2,.577,.195,.234,6.4,15.1,10.4,8.3,2.1,2.7,11.5,17.6,0.0,0.3,0.2,0.5,.101,0.0,-1.8,0.8,-0.9,0.1
Gorgui Dieng,C,32,ATL,21,0,177,19,45,.422,7,21,.333,12,24,.500,.500,9,14,.643,21,51,72,15,5,6,11,26,54,14.7,.528,.467,.311,13.0,30.2,21.8,11.2,1.4,3.1,17.7,15.4,0.0,0.2,0.2,0.4,.117,0.0,-2.0,0.2,-1.9,0.0
Spencer Dinwiddie,PG,28,WAS,21,21,623,97,246,.394,39,113,.345,58,133,.436,.474,49,56,.875,14,89,103,110,7,4,32,45,282,14.8,.521,.459,.228,2.5,14.8,8.9,27.0,0.6,0.5,10.6,21.8,0.0,0.8,0.4,1.2,.096,0.0,1.1,-1.3,-0.2,0.3
Luka Dončić,PG,22,DAL,19,19,662,179,403,.444,51,157,.325,128,246,.520,.507,76,110,.691,15,136,151,162,20,10,84,48,485,22.2,.537,.390,.273,2.3,23.4,12.3,45.9,1.5,1.3,15.7,36.0,0.0,0.6,0.7,1.3,.096,0.0,4.3,-0.3,4.0,1.0
Luguentz Dort,SF,22,OKC,22,22,717,130,300,.433,54,161,.335,76,139,.547,.523,67,78,.859,15,72,87,41,20,8,36,62,381,14.5,.570,.537,.260,2.1,10.4,6.2,9.9,1.4,1.1,9.7,22.3,0.0,0.8,0.4,1.2,.084,0.0,-0.7,-1.0,-1.7,0.1
Ayo Dosunmu,SG,22,CHI,24,1,413,59,119,.496,17,41,.415,42,78,.538,.567,10,17,.588,12,40,52,26,10,5,20,34,145,10.7,.573,.345,.143,3.2,10.5,6.9,8.8,1.2,1.1,13.7,15.6,0.0,0.2,0.4,0.6,.075,0.0,-1.8,-0.4,-2.3,0.0
Devon Dotson,PG,22,CHI,3,0,14,1,3,.333,0,2,.000,1,1,1.000,.333,2,2,1.000,0,5,5,3,0,0,1,2,4,11.5,.515,.667,.667,0.0,38.6,19.5,27.3,0.0,0.0,20.5,15.3,0.0,0.0,0.0,0.0,.109,0.0,-4.9,2.8,-2.1,0.0
Sekou Doumbouya,PF,21,LAL,2,0,16,5,8,.625,1,2,.500,4,6,.667,.688,3,4,.750,2,4,6,0,3,2,2,1,14,41.7,.717,.250,.500,13.4,26.1,19.8,0.0,8.9,11.4,17.0,31.3,0.0,0.0,0.1,0.1,.333,0.0,9.7,9.2,18.8,0.1
Jeff Dowtin,PG,24,GSW,3,0,10,2,4,.500,0,0,0.0,2,4,.500,.500,0,0,0.0,0,2,2,0,0,0,0,1,4,8.0,.500,.000,.000,0.0,20.8,10.9,0.0,0.0,0.0,0.0,17.2,0.0,0.0,0.0,0.0,.064,0.0,-9.2,-0.8,-9.9,0.0
PJ Dozier,SG,25,DEN,18,0,340,36,99,.364,15,48,.313,21,51,.412,.439,10,13,.769,14,49,63,29,11,6,13,33,97,9.5,.463,.485,.131,4.6,15.9,10.2,11.8,1.6,1.7,11.0,15.6,0.0,0.0,0.4,0.3,.046,0.0,-3.5,0.2,-3.3,-0.1
Goran Dragić,PG,35,TOR,5,2,90,13,34,.382,4,14,.286,9,20,.450,.441,10,10,1.000,2,12,14,9,5,1,1,8,40,17.0,.521,.412,.294,2.3,15.4,8.5,14.8,2.8,1.1,2.5,18.8,0.0,0.2,0.1,0.3,.166,0.0,-0.8,1.0,0.2,0.1
Andre Drummond,C,28,PHI,23,10,483,61,126,.484,0,1,.000,61,125,.488,.484,26,49,.531,76,159,235,47,22,27,40,61,148,18.4,.501,.008,.389,17.2,35.9,26.6,14.1,2.3,5.0,21.3,17.6,0.0,0.3,1.0,1.3,.132,0.0,-1.0,0.6,-0.4,0.2
Chris Duarte,SG,24,IND,24,18,710,124,296,.419,45,130,.346,79,166,.476,.495,22,31,.710,13,85,98,47,26,3,41,44,315,11.0,.509,.439,.105,2.0,12.9,7.5,10.0,1.8,0.4,11.7,21.5,0.0,-0.2,0.6,0.4,.027,0.0,-1.7,-1.2,-2.9,-0.2
Kevin Durant,PF,33,BRK,23,23,832,238,450,.529,40,106,.377,198,344,.576,.573,137,157,.873,12,165,177,124,15,16,69,37,653,25.6,.629,.236,.349,1.6,20.0,11.2,27.2,0.9,1.7,11.7,31.2,0.0,2.7,1.1,3.8,.217,0.0,6.1,0.4,6.5,1.8
Anthony Edwards,SG,20,MIN,24,24,877,193,456,.423,70,205,.341,123,251,.490,.500,70,88,.795,32,114,146,89,39,18,83,54,526,16.0,.532,.450,.193,3.6,14.1,8.6,17.2,2.2,2.0,14.4,27.4,0.0,0.3,1.1,1.4,.074,0.0,1.2,-0.6,0.6,0.6
Kessler Edwards,SF,21,BRK,2,0,12,3,6,.500,2,4,.500,1,2,.500,.667,0,0,0.0,1,2,3,0,0,0,1,0,8,18.6,.667,.667,.000,9.2,16.8,13.2,0.0,0.0,0.0,14.3,25.7,0.0,0.0,0.0,0.0,.074,0.0,6.0,-1.9,4.0,0.0
CJ Elleby,SF,21,POR,13,0,69,9,21,.429,3,11,.273,6,10,.600,.500,0,0,0.0,1,15,16,4,0,0,7,11,21,2.9,.500,.524,.000,1.6,24.4,12.8,8.2,0.0,0.0,25.0,17.6,0.0,-0.1,0.0,-0.1,-0.092,0.0,-7.9,-2.3,-10.1,-0.1
Wayne Ellington,SG,34,LAL,17,2,345,37,91,.407,34,85,.400,3,6,.500,.593,4,4,1.000,3,22,25,11,7,2,6,18,112,9.1,.604,.934,.044,0.9,6.7,3.8,4.3,1.0,0.5,6.1,12.2,0.0,0.4,0.2,0.5,.075,0.0,-0.5,-1.1,-1.6,0.0
Joel Embiid,C,27,PHI,14,14,463,104,237,.439,19,47,.404,85,190,.447,.479,108,140,.771,28,130,158,61,13,22,40,36,335,25.9,.561,.198,.591,6.6,30.6,18.6,22.4,1.4,4.3,11.8,33.1,0.0,1.0,0.7,1.8,.182,0.0,4.0,0.4,4.3,0.7
Drew Eubanks,C,24,SAS,22,8,318,44,87,.506,0,4,.000,44,83,.530,.506,35,44,.795,28,72,100,30,9,18,28,34,123,16.2,.578,.046,.506,9.2,24.1,16.6,12.6,1.4,5.0,20.8,18.1,0.0,0.3,0.5,0.8,.114,0.0,-2.5,0.7,-1.8,0.0
Tacko Fall,C,26,CLE,7,0,19,1,2,.500,0,0,0.0,1,2,.500,.500,1,4,.250,1,4,5,0,0,1,1,0,3,5.2,.399,.000,2.000,5.8,22.6,14.3,0.0,0.0,4.6,21.0,10.9,0.0,0.0,0.0,0.0,-0.022,0.0,-5.2,-1.4,-6.6,0.0
Derrick Favors,C,30,OKC,17,8,284,44,88,.500,2,8,.250,42,80,.525,.511,8,14,.571,25,60,85,7,8,3,5,20,98,14.2,.520,.091,.159,8.8,22.0,15.2,4.1,1.4,1.0,5.0,15.1,0.0,0.3,0.3,0.6,.097,0.0,-1.9,-1.6,-3.5,-0.1
Bruno Fernando,C,23,BOS,8,0,18,2,3,.667,0,0,0.0,2,3,.667,.667,0,0,0.0,1,1,2,1,0,1,3,3,4,2.4,.667,.000,.000,5.9,6.0,6.0,8.1,0.0,5.3,50.0,14.7,0.0,0.0,0.0,0.0,-0.089,0.0,-11.8,-0.3,-12.1,0.0
Dorian Finney-Smith,PF,28,DAL,23,23,724,79,182,.434,44,116,.379,35,66,.530,.555,14,25,.560,40,62,102,36,36,11,20,52,216,12.3,.560,.637,.137,5.6,9.7,7.6,7.2,2.5,1.3,9.4,13.1,0.0,0.8,0.7,1.5,.099,0.0,-0.3,0.4,0.1,0.4
Malik Fitts,PF,24,UTA,3,0,7,0,0,0.0,0,0,0.0,0,0,0.0,0.0,0,0,0.0,0,2,2,0,0,0,0,0,0,3.4,0.0,0.0,0.0,0.0,29.6,15.6,0.0,0.0,0.0,0.0,0.0,0.0,0.0,0.0,0.0,.051,0.0,-3.7,0.0,-3.7,0.0
Malachi Flynn,PG,23,TOR,17,0,139,17,50,.340,6,24,.250,11,26,.423,.400,3,5,.600,5,17,22,15,8,2,5,14,43,10.0,.412,.480,.100,3.7,14.1,8.6,15.4,2.9,1.4,8.7,17.7,0.0,-0.1,0.1,0.1,.034,0.0,-3.8,1.1,-2.8,0.0
Bryn Forbes,SG,28,SAS,23,0,332,62,132,.470,27,66,.409,35,66,.530,.572,13,16,.813,2,26,28,16,10,1,20,18,164,11.9,.590,.500,.121,0.6,8.3,4.4,6.9,1.4,0.3,12.6,20.5,0.0,0.1,0.2,0.3,.044,0.0,-1.4,-1.3,-2.7,-0.1
Trent Forrest,PG,23,UTA,16,0,122,9,15,.600,0,2,.000,9,13,.692,.600,7,8,.875,4,14,18,10,4,0,10,9,25,8.1,.675,.133,.533,3.8,11.9,8.1,10.6,1.6,0.0,35.1,10.2,0.0,0.0,0.1,0.2,.063,0.0,-4.6,0.9,-3.7,-0.1
Evan Fournier,SG,29,NYK,24,24,685,114,275,.415,62,161,.385,52,114,.456,.527,23,30,.767,11,56,67,41,23,4,32,40,313,12.1,.543,.585,.109,1.7,8.7,5.2,9.4,1.7,0.5,10.0,20.5,0.0,0.4,0.3,0.7,.052,0.0,-0.8,-1.5,-2.3,-0.1
De'Aaron Fox,PG,24,SAC,24,24,836,180,420,.429,27,103,.262,153,317,.483,.461,96,131,.733,13,76,89,132,32,12,71,67,483,15.2,.506,.245,.312,1.6,9.5,5.6,25.7,1.8,1.2,12.9,27.9,0.0,0.2,0.5,0.7,.039,0.0,-0.8,-1.4,-2.2,0.0
Enes Freedom,C,29,BOS,14,0,174,22,50,.440,1,3,.333,21,47,.447,.450,15,18,.833,30,52,82,3,3,9,9,18,60,17.3,.518,.060,.360,18.3,32.3,25.2,2.6,0.9,4.9,13.4,16.9,0.0,0.2,0.3,0.5,.148,0.0,-1.3,-1.4,-2.7,0.0
Daniel Gafford,C,23,WAS,22,22,459,86,129,.667,0,0,0.0,86,129,.667,.667,27,39,.692,44,88,132,21,12,42,24,58,199,21.6,.681,.000,.302,10.8,19.8,15.5,7.3,1.3,7.5,14.1,16.6,0.0,1.2,0.8,1.9,.201,0.0,0.5,2.1,2.6,0.5
Danilo Gallinari,PF,33,ATL,22,0,472,67,161,.416,32,82,.390,35,79,.443,.516,40,43,.930,12,76,88,31,11,5,10,25,206,15.3,.572,.509,.267,2.8,16.9,10.0,9.1,1.2,1.0,5.3,17.6,0.0,1.0,0.3,1.3,.129,0.0,1.3,-0.7,0.6,0.3
Darius Garland,PG,22,CLE,23,23,796,165,354,.466,62,159,.390,103,195,.528,.554,51,58,.879,11,56,67,167,28,2,91,41,443,16.9,.584,.449,.164,1.5,7.5,4.6,35.2,1.7,0.2,19.3,25.8,0.0,0.9,0.8,1.8,.107,0.0,2.2,-1.0,1.2,0.6
Marcus Garrett,SG,23,MIA,4,0,10,0,1,.000,0,0,0.0,0,1,.000,.000,0,0,0.0,0,1,1,2,0,0,0,1,0,2.2,.000,.000,.000,0.0,11.1,5.6,24.7,0.0,0.0,0.0,4.4,0.0,0.0,0.0,0.0,.008,0.0,-6.5,0.8,-5.7,0.0
Usman Garuba,PF,19,HOU,7,0,45,5,14,.357,2,8,.250,3,6,.500,.429,0,0,0.0,6,12,18,6,2,4,2,4,12,17.4,.429,.571,.000,14.3,27.9,21.2,19.7,2.1,8.3,12.5,15.0,0.0,0.0,0.1,0.1,.126,0.0,0.6,1.8,2.4,0.0
Luka Garza,C,23,DET,14,2,140,18,43,.419,5,15,.333,13,28,.464,.477,11,14,.786,14,17,31,7,6,1,5,24,52,12.9,.529,.349,.326,10.0,14.3,12.0,8.2,2.1,0.6,9.2,16.6,0.0,0.2,0.1,0.3,.099,0.0,-2.5,-0.7,-3.3,0.0
Rudy Gay,PF,35,UTA,9,0,169,33,67,.493,22,46,.478,11,21,.524,.657,9,12,.750,8,38,46,12,2,2,8,14,97,20.4,.671,.687,.179,5.5,23.3,14.9,10.9,0.6,1.0,10.0,20.7,0.0,0.6,0.2,0.8,.217,0.0,5.0,-0.7,4.2,0.3
Paul George,SF,31,LAC,24,24,861,220,521,.422,64,201,.318,156,320,.488,.484,95,108,.880,10,165,175,130,45,9,102,62,599,18.0,.527,.386,.207,1.3,19.9,10.8,27.2,2.5,0.9,15.2,33.9,0.0,-0.3,1.6,1.3,.071,0.0,1.7,0.7,2.4,1.0
Taj Gibson,C,36,NYK,11,0,205,15,31,.484,0,3,.000,15,28,.536,.484,7,9,.778,21,31,52,8,4,14,11,36,37,9.6,.529,.097,.290,10.9,16.1,13.5,5.4,1.0,6.4,23.9,9.8,0.0,0.1,0.2,0.3,.072,0.0,-5.5,0.9,-4.6,-0.1
Josh Giddey,SG,19,OKC,21,21,617,91,226,.403,18,71,.254,73,155,.471,.442,19,28,.679,31,112,143,121,21,13,59,37,219,12.9,.459,.314,.124,5.0,18.9,11.8,32.2,1.7,2.0,19.8,20.8,0.0,-0.5,0.7,0.2,.012,0.0,-2.1,-0.1,-2.2,0.0
Shai Gilgeous-Alexander,PG,23,OKC,20,20,701,149,361,.413,39,132,.295,110,229,.480,.467,96,122,.787,11,87,98,98,20,13,49,42,433,17.5,.522,.366,.338,1.6,12.9,7.1,25.7,1.4,1.8,10.6,28.5,0.0,0.5,0.5,1.1,.073,0.0,1.5,-0.8,0.6,0.5
Anthony Gill,PF,29,WAS,9,0,43,7,10,.700,3,3,1.000,4,7,.571,.850,5,6,.833,4,9,13,1,0,2,1,3,22,25.3,.870,.300,.600,10.5,21.6,16.3,3.6,0.0,3.8,7.3,14.2,0.0,0.2,0.0,0.3,.299,0.0,6.4,0.8,7.2,0.1
Rudy Gobert,C,29,UTA,23,23,734,122,167,.731,0,1,.000,122,166,.735,.731,98,145,.676,69,268,337,23,22,52,45,59,342,24.8,.741,.006,.868,10.9,37.8,25.1,4.6,1.5,6.0,16.3,16.4,0.0,2.5,1.7,4.1,.271,0.0,2.6,2.0,4.6,1.2
Aaron Gordon,PF,26,DEN,23,23,737,123,239,.515,24,68,.353,99,171,.579,.565,48,66,.727,43,94,137,51,14,17,37,49,318,15.7,.593,.285,.276,6.4,14.1,10.3,10.5,1.0,2.2,12.1,18.6,0.0,1.2,0.6,1.8,.117,0.0,0.1,-0.7,-0.7,0.2
Eric Gordon,SG,33,HOU,20,9,594,100,214,.467,46,106,.434,54,108,.500,.575,35,49,.714,3,35,38,55,12,12,48,20,281,12.3,.596,.495,.229,0.5,6.2,3.4,15.0,1.0,1.9,16.9,20.1,0.0,0.3,0.3,0.5,.043,0.0,-0.2,-1.9,-2.1,0.0
Devonte' Graham,PG,26,NOP,23,23,711,107,285,.375,63,182,.346,44,103,.427,.486,38,48,.792,14,41,55,102,28,4,41,35,315,13.0,.515,.639,.168,2.0,6.4,4.2,22.3,1.9,0.5,11.8,20.8,0.0,0.5,0.2,0.7,.047,0.0,0.0,-2.3,-2.2,0.0
Jerami Grant,PF,27,DET,22,22,730,147,352,.418,39,119,.328,108,233,.464,.473,110,131,.840,21,85,106,57,25,22,45,47,443,17.3,.541,.338,.372,2.9,13.7,7.9,14.4,1.7,2.7,9.9,26.7,0.0,0.7,0.6,1.3,.087,0.0,1.1,-0.4,0.8,0.5
Danny Green,SF,34,PHI,17,14,410,47,102,.461,36,86,.419,11,16,.688,.637,4,4,1.000,11,31,42,19,24,14,18,33,134,13.3,.646,.843,.039,2.9,8.2,5.6,6.6,2.9,3.1,14.8,13.4,0.0,0.4,0.4,0.9,.101,0.0,0.6,0.8,1.4,0.3
Draymond Green,PF,31,GSW,23,23,694,76,135,.563,7,22,.318,69,113,.611,.589,29,49,.592,27,156,183,174,32,23,72,60,188,15.8,.600,.163,.363,4.4,23.3,14.3,33.4,2.2,3.2,31.5,14.2,0.0,0.9,1.7,2.6,.180,0.0,-0.2,4.3,4.1,1.1
Jalen Green,SG,19,HOU,18,18,555,87,228,.382,32,115,.278,55,113,.487,.452,46,57,.807,7,49,56,42,11,4,49,28,252,8.1,.498,.504,.250,1.4,9.2,5.3,12.0,0.9,0.7,16.2,23.0,0.0,-0.7,0.3,-0.4,-0.037,0.0,-3.2,-2.6,-5.8,-0.5
JaMychal Green,PF,31,DEN,22,4,324,46,113,.407,10,51,.196,36,62,.581,.451,14,18,.778,20,55,75,19,18,10,25,51,116,10.4,.480,.451,.159,6.8,18.7,12.8,8.6,2.8,2.9,17.1,20.2,0.0,-0.4,0.5,0.2,.023,0.0,-5.2,0.4,-4.8,-0.2
Javonte Green,SF,28,CHI,23,12,474,48,97,.495,10,26,.385,38,71,.535,.546,18,24,.750,35,63,98,16,19,8,16,45,124,11.6,.576,.268,.247,8.1,14.4,11.3,4.5,2.0,1.5,12.9,11.4,0.0,0.5,0.6,1.2,.119,0.0,-1.7,-0.4,-2.1,0.0
Jeff Green,C,35,DEN,23,14,559,78,165,.473,19,58,.328,59,107,.551,.530,51,63,.810,10,62,72,25,7,11,22,45,226,12.0,.586,.352,.382,2.0,12.2,7.1,6.5,0.6,1.8,10.2,17.3,0.0,0.6,0.4,1.0,.087,0.0,-2.1,-1.0,-3.2,-0.2
Josh Green,SG,21,DAL,12,0,61,8,15,.533,0,2,.000,8,13,.615,.533,0,2,.000,4,7,11,4,3,1,2,7,16,11.4,.504,.133,.133,6.7,13.1,9.7,9.8,2.4,1.4,11.2,13.0,0.0,0.0,0.1,0.1,.074,0.0,-3.6,1.1,-2.5,0.0
Blake Griffin,PF,32,BRK,17,17,369,34,107,.318,9,56,.161,25,51,.490,.360,16,23,.696,21,63,84,34,9,10,9,39,93,8.7,.397,.523,.215,6.3,17.2,12.0,12.4,1.2,2.4,7.1,15.1,0.0,-0.1,0.5,0.4,.047,0.0,-4.0,0.0,-4.0,-0.2
Quentin Grimes,SG,21,NYK,12,0,76,7,19,.368,7,17,.412,0,2,.000,.553,0,0,0.0,2,7,9,3,0,0,3,7,21,5.6,.553,.895,.000,2.8,9.8,6.3,5.6,0.0,0.0,13.6,12.7,0.0,0.0,0.0,0.0,.016,0.0,-2.4,-2.2,-4.6,-0.1
Tyrese Haliburton,SG,21,SAC,22,22,735,101,234,.432,36,96,.375,65,138,.471,.509,21,28,.750,23,61,84,120,39,16,42,28,259,14.7,.526,.410,.120,3.3,8.7,6.0,23.6,2.5,1.8,14.6,16.7,0.0,0.7,0.6,1.3,.083,0.0,0.8,0.5,1.3,0.6
R.J. Hampton,SG,20,ORL,25,0,467,67,159,.421,26,64,.406,41,95,.432,.503,32,54,.593,8,68,76,57,13,4,42,36,192,10.6,.525,.403,.340,1.8,15.4,8.6,19.6,1.3,0.8,18.7,20.7,0.0,-0.3,0.3,0.0,.000,0.0,-2.1,-1.2,-3.4,-0.2
Tim Hardaway Jr.,SG,29,DAL,23,19,735,116,302,.384,56,164,.341,60,138,.435,.477,46,63,.730,9,78,87,52,23,2,12,45,334,12.8,.506,.543,.209,1.3,12.1,6.4,11.0,1.6,0.2,3.5,20.7,0.0,0.6,0.5,1.1,.073,0.0,-0.6,-1.4,-2.1,0.0
James Harden,PG,32,BRK,24,24,862,142,348,.408,61,173,.353,81,175,.463,.496,152,172,.884,23,167,190,231,34,17,116,58,497,20.8,.587,.497,.494,2.9,19.5,11.6,40.1,1.9,1.8,21.5,27.6,0.0,1.5,1.3,2.9,.160,0.0,3.3,0.6,3.9,1.3
Maurice Harkless,SF,28,SAC,16,14,327,25,65,.385,9,40,.225,16,25,.640,.454,8,11,.727,3,42,45,9,8,8,7,25,67,6.1,.480,.615,.169,1.0,13.5,7.2,3.7,1.2,2.1,9.1,10.0,0.0,-0.1,0.2,0.1,.019,0.0,-3.8,-0.5,-4.4,-0.2
Montrezl Harrell,C,28,WAS,25,3,665,147,225,.653,2,8,.250,145,217,.668,.658,94,125,.752,64,142,206,56,15,18,34,49,390,26.5,.696,.036,.556,10.9,22.1,16.7,14.3,1.1,2.2,10.8,21.1,0.0,2.9,0.8,3.7,.270,0.0,5.1,0.7,5.8,1.3
Gary Harris,SG,27,ORL,19,9,481,57,139,.410,18,64,.281,39,75,.520,.475,11,15,.733,14,27,41,32,14,2,20,35,143,7.6,.491,.460,.108,3.1,6.0,4.5,10.3,1.4,0.4,12.1,14.8,0.0,-0.1,0.1,0.0,-0.001,0.0,-4.0,-1.4,-5.3,-0.4
Joe Harris,SF,30,BRK,14,14,423,56,124,.452,41,88,.466,15,36,.417,.617,5,6,.833,5,51,56,14,7,2,16,31,158,10.0,.624,.710,.048,1.3,12.1,7.0,4.7,0.8,0.4,11.2,14.9,0.0,0.3,0.4,0.7,.075,0.0,-1.2,-1.0,-2.2,0.0
Tobias Harris,PF,29,PHI,15,15,518,116,247,.470,19,62,.306,97,185,.524,.508,39,48,.813,16,110,126,56,7,9,25,21,290,18.7,.541,.251,.194,3.4,23.1,13.3,18.3,0.7,1.6,8.5,25.6,0.0,0.7,0.4,1.1,.103,0.0,2.0,-2.1,0.0,0.3
Josh Hart,PF,26,NOP,19,18,572,78,160,.488,15,46,.326,63,114,.553,.534,39,46,.848,19,100,119,73,18,7,26,53,210,15.1,.583,.288,.288,3.5,19.6,11.2,19.4,1.6,1.2,12.6,15.4,0.0,1.0,0.3,1.3,.112,0.0,-0.1,0.3,0.2,0.3
Isaiah Hartenstein,C,23,LAC,24,0,374,74,114,.649,2,3,.667,72,111,.649,.658,25,42,.595,43,70,113,36,19,29,22,60,175,23.8,.660,.026,.368,12.4,19.4,16.0,15.7,2.5,6.7,14.2,18.0,0.0,1.1,0.9,2.0,.257,0.0,0.7,3.6,4.3,0.6
Udonis Haslem,C,41,MIA,5,0,23,3,6,.500,0,1,.000,3,5,.600,.500,0,0,0.0,1,5,6,1,0,1,0,5,6,9.3,.500,.167,.000,4.9,24.1,14.7,6.4,0.0,4.8,0.0,11.6,0.0,0.0,0.0,0.1,.110,0.0,-5.0,0.1,-4.9,0.0
Sam Hauser,SF,24,BOS,2,0,5,0,2,.000,0,2,.000,0,0,0.0,.000,0,0,0.0,0,1,1,0,1,0,0,1,0,-6.5,.000,1.000,.000,0.0,21.6,10.7,0.0,9.9,0.0,0.0,17.6,0.0,0.0,0.0,0.0,-0.266,0.0,-21.7,9.0,-12.6,0.0
Jaxson Hayes,C,21,NOP,19,0,232,40,77,.519,4,11,.364,36,66,.545,.545,28,37,.757,24,38,62,5,5,12,12,30,112,18.0,.600,.143,.481,10.8,18.3,14.4,3.5,1.1,4.9,11.4,19.4,0.0,0.5,0.2,0.6,.129,0.0,-1.2,-1.3,-2.5,0.0
Killian Hayes,PG,20,DET,18,18,467,40,119,.336,19,54,.352,21,65,.323,.416,16,17,.941,12,54,66,67,23,8,31,50,115,8.7,.455,.454,.143,2.6,13.6,7.6,21.9,2.4,1.6,19.7,14.5,0.0,-0.3,0.4,0.2,.016,0.0,-5.0,0.9,-4.2,-0.3
Gordon Hayward,SF,31,CHO,26,26,888,156,350,.446,45,119,.378,111,231,.481,.510,87,102,.853,22,105,127,95,22,16,47,48,444,15.5,.562,.340,.291,2.5,13.0,7.6,15.2,1.2,1.7,10.6,21.0,0.0,1.3,0.2,1.5,.082,0.0,0.5,-1.9,-1.4,0.1
Aaron Henry,SF,22,PHI,1,0,2,0,1,.000,0,1,.000,0,0,0.0,.000,0,0,0.0,0,0,0,0,0,0,0,0,0,-20.6,.000,1.000,.000,0.0,0.0,0.0,0.0,0.0,0.0,0.0,22.6,0.0,0.0,0.0,0.0,-0.578,0.0,-18.8,-13.1,-31.9,0.0
Juan Hernangómez,PF,26,BOS,13,0,56,4,18,.222,2,12,.167,2,6,.333,.278,4,5,.800,6,10,16,1,4,0,5,4,14,5.3,.347,.667,.278,11.4,19.3,15.3,2.5,3.5,0.0,19.8,19.8,0.0,-0.2,0.1,-0.1,-0.074,0.0,-6.2,-2.2,-8.4,-0.1
Willy Hernangómez,C,27,NOP,12,0,168,42,68,.618,2,2,1.000,40,66,.606,.632,18,25,.720,31,51,82,21,6,3,12,25,104,29.9,.658,.029,.368,19.2,33.9,26.3,23.0,1.8,1.7,13.2,23.1,0.0,0.7,0.2,0.9,.264,0.0,5.9,0.2,6.1,0.3
Tyler Herro,SG,22,MIA,22,7,736,180,403,.447,61,154,.396,119,249,.478,.522,49,57,.860,18,103,121,84,13,1,66,30,470,16.3,.549,.382,.141,2.8,15.5,9.2,20.2,0.9,0.2,13.4,29.8,0.0,0.4,0.6,1.0,.067,0.0,2.2,-1.7,0.5,0.5
Buddy Hield,SG,29,SAC,24,2,688,127,327,.388,87,239,.364,40,88,.455,.521,41,49,.837,18,84,102,54,16,6,39,51,382,14.1,.548,.731,.150,2.7,12.8,7.8,12.2,1.1,0.7,10.1,23.9,0.0,0.6,0.3,0.9,.066,0.0,2.3,-2.2,0.1,0.4
George Hill,SG,35,MIL,22,11,600,61,138,.442,22,67,.328,39,71,.549,.522,26,28,.929,20,60,80,55,18,3,23,40,170,10.8,.565,.486,.203,3.6,10.0,6.9,12.5,1.4,0.5,13.3,12.4,0.0,0.7,0.6,1.3,.106,0.0,-1.9,-0.4,-2.3,0.0
Solomon Hill,PF,30,ATL,13,1,139,3,20,.150,2,13,.154,1,7,.143,.200,0,0,0.0,6,17,23,12,4,2,1,16,8,3.4,.200,.650,.000,4.7,12.8,8.9,10.3,1.4,1.3,4.8,6.6,0.0,-0.1,0.1,0.0,-0.002,0.0,-5.3,0.1,-5.2,-0.1
Aaron Holiday,PG,25,WAS,24,7,419,57,129,.442,13,37,.351,44,92,.478,.492,13,17,.765,4,34,38,48,14,8,26,39,140,9.7,.513,.287,.132,1.1,8.4,4.9,17.0,1.7,1.6,16.0,17.4,0.0,-0.1,0.3,0.2,.027,0.0,-3.3,0.1,-3.1,-0.1
Jrue Holiday,PG,31,MIL,19,18,602,120,268,.448,34,95,.358,86,173,.497,.511,21,32,.656,14,77,91,118,25,10,51,38,295,16.2,.523,.354,.119,2.5,12.8,7.8,30.9,2.0,1.6,15.3,23.7,0.0,0.5,0.8,1.3,.102,0.0,0.3,0.0,0.3,0.4
Justin Holiday,SF,32,IND,23,15,647,82,206,.398,55,154,.357,27,52,.519,.532,8,11,.727,6,59,65,38,12,7,21,48,227,9.1,.538,.748,.053,1.0,9.8,5.5,8.3,0.9,0.9,9.1,15.6,0.0,0.3,0.4,0.7,.052,0.0,-1.2,-0.8,-2.0,0.0
Richaun Holmes,C,28,SAC,21,21,586,128,181,.707,2,4,.500,126,177,.712,.713,46,57,.807,58,144,202,29,6,21,31,66,304,22.8,.738,.022,.315,10.4,25.7,18.1,8.1,0.5,3.0,13.1,17.2,0.0,2.2,0.6,2.7,.222,0.0,2.6,-0.6,2.0,0.6
Rodney Hood,SF,29,MIL,18,0,267,17,59,.288,11,40,.275,6,19,.316,.381,9,9,1.000,5,30,35,14,5,1,2,17,54,5.8,.429,.678,.153,2.0,11.3,6.8,6.8,0.9,0.4,3.1,10.4,0.0,0.0,0.2,0.3,.049,0.0,-3.6,-1.2,-4.8,-0.2
Al Horford,C,35,BOS,21,21,613,97,211,.460,28,92,.304,69,119,.580,.526,41,48,.854,33,139,172,71,17,35,23,48,263,19.6,.567,.436,.227,5.7,24.5,15.0,18.1,1.4,5.4,9.0,18.3,0.0,1.3,1.0,2.3,.183,0.0,2.3,2.2,4.4,1.0
Talen Horton-Tucker,SG,21,LAL,12,9,350,49,129,.380,10,44,.227,39,85,.459,.419,21,23,.913,8,54,62,33,12,8,19,40,129,9.6,.464,.341,.178,2.4,16.1,9.4,13.2,1.6,2.1,12.0,19.2,0.0,-0.2,0.4,0.2,.025,0.0,-4.0,-0.8,-4.9,-0.3
Danuel House,SF,28,HOU,16,1,233,25,74,.338,10,34,.294,15,40,.375,.405,17,19,.895,4,39,43,19,5,5,18,16,77,7.2,.467,.459,.257,1.8,17.5,9.8,12.0,1.0,2.0,17.9,18.2,0.0,-0.3,0.2,-0.1,-0.020,0.0,-4.9,-1.2,-6.0,-0.2
Dwight Howard,C,36,LAL,22,1,326,41,64,.641,5,7,.714,36,57,.632,.680,26,42,.619,33,86,119,10,18,15,21,41,113,17.6,.685,.109,.656,10.8,27.5,19.3,4.2,2.6,4.2,20.3,13.5,0.0,0.6,0.6,1.2,.172,0.0,-0.8,1.3,0.5,0.2
Markus Howard,SG,22,DEN,12,0,65,8,29,.276,5,21,.238,3,8,.375,.362,4,4,1.000,0,2,2,4,4,0,3,2,25,6.1,.406,.724,.138,0.0,3.4,1.7,8.7,3.1,0.0,8.9,23.3,0.0,-0.2,0.1,-0.1,-0.068,0.0,-5.0,-1.0,-6.0,-0.1
Kevin Huerter,SG,23,ATL,24,14,647,102,214,.477,42,107,.393,60,107,.561,.575,11,13,.846,7,74,81,58,8,6,30,44,257,12.0,.585,.500,.061,1.2,12.0,6.7,12.7,0.6,0.8,12.0,16.9,0.0,0.7,0.2,0.9,.066,0.0,-0.6,-1.2,-1.8,0.0
Jay Huff,C,23,LAL,1,0,8,0,1,.000,0,1,.000,0,0,0.0,.000,0,0,0.0,1,1,2,1,0,0,0,0,0,5.4,.000,1.000,.000,13.4,13.0,13.2,14.6,0.0,0.0,0.0,5.3,0.0,0.0,0.0,0.0,.007,0.0,-5.3,-0.8,-6.1,0.0
Elijah Hughes,SF,23,UTA,6,0,17,0,2,.000,0,1,.000,0,1,.000,.000,2,2,1.000,0,1,1,0,0,0,1,2,2,-3.7,.347,.500,1.000,0.0,6.1,3.2,0.0,0.0,0.0,25.8,9.9,0.0,0.0,0.0,0.0,-0.096,0.0,-10.0,-3.0,-13.0,0.0
De'Andre Hunter,SF,24,ATL,11,11,306,50,111,.450,15,38,.395,35,73,.479,.518,4,10,.400,4,26,30,7,7,3,14,32,119,7.6,.516,.342,.090,1.4,8.9,5.3,3.3,1.1,0.9,10.8,18.5,0.0,-0.2,0.1,-0.1,-0.011,0.0,-3.9,-1.6,-5.6,-0.3
Chandler Hutchison,SF,25,PHO,3,0,9,1,1,1.000,0,0,0.0,1,1,1.000,1.000,0,0,0.0,0,4,4,1,0,0,3,1,2,-1.3,1.000,.000,.000,0.0,45.3,23.3,14.5,0.0,0.0,75.0,19.2,0.0,-0.1,0.0,0.0,-0.208,0.0,-12.1,-1.9,-14.0,0.0
Bones Hyland,PG,21,DEN,15,0,237,40,104,.385,25,71,.352,15,33,.455,.505,15,16,.938,4,24,28,26,11,3,13,26,120,14.6,.540,.683,.154,1.9,11.2,6.5,16.7,2.3,1.2,10.5,23.5,0.0,0.2,0.3,0.4,.090,0.0,-0.6,0.5,-0.1,0.1
Serge Ibaka,C,32,LAC,11,3,154,17,47,.362,8,20,.400,9,27,.333,.447,5,8,.625,12,22,34,13,2,3,6,21,47,9.4,.465,.426,.170,8.4,14.8,11.7,12.1,0.6,1.7,10.6,16.0,0.0,0.0,0.2,0.2,.073,0.0,-3.1,-0.7,-3.8,-0.1
Andre Iguodala,SF,38,GSW,12,0,250,18,43,.419,5,23,.217,13,20,.650,.477,4,6,.667,8,34,42,45,9,10,9,12,45,12.4,.493,.535,.140,3.7,14.1,9.1,22.9,1.7,3.9,16.5,9.4,0.0,0.3,0.5,0.8,.163,0.0,-0.6,2.7,2.1,0.3
Joe Ingles,SF,34,UTA,23,5,566,64,141,.454,46,113,.407,18,28,.643,.617,8,9,.889,11,58,69,72,12,3,25,40,182,12.4,.628,.801,.064,2.3,10.6,6.7,17.3,1.0,0.4,14.7,13.1,0.0,1.1,0.4,1.6,.135,0.0,1.2,0.0,1.2,0.5
Brandon Ingram,SF,24,NOP,19,19,659,162,365,.444,34,93,.366,128,272,.471,.490,77,91,.846,17,101,118,89,7,7,58,40,435,17.2,.537,.255,.249,2.7,17.1,9.7,24.6,0.5,1.0,12.5,30.0,0.0,0.6,0.1,0.7,.052,0.0,1.9,-2.1,-0.1,0.3
Frank Jackson,PG,23,DET,23,2,489,75,192,.391,36,121,.298,39,71,.549,.484,30,36,.833,6,24,30,17,12,5,20,33,216,9.4,.520,.630,.188,1.2,5.8,3.3,5.9,1.2,0.9,8.8,20.0,0.0,0.0,0.2,0.1,.014,0.0,-2.9,-1.6,-4.4,-0.3
Isaiah Jackson,PF,20,IND,5,0,30,4,11,.364,0,0,0.0,4,11,.364,.364,1,2,.500,3,6,9,0,1,1,1,9,9,5.2,.379,.000,.182,11.1,21.6,16.4,0.0,1.6,2.9,7.8,18.7,0.0,0.0,0.0,0.0,-0.011,0.0,-9.3,-1.2,-10.4,-0.1
Jaren Jackson Jr.,PF,22,MEM,24,24,647,130,307,.423,54,147,.367,76,160,.475,.511,64,76,.842,27,104,131,24,20,48,34,80,378,17.6,.555,.479,.248,4.4,17.4,10.8,5.6,1.5,6.8,9.1,24.3,0.0,0.9,0.7,1.6,.115,0.0,0.2,-1.0,-0.7,0.2
Josh Jackson,SF,24,DET,20,3,376,53,128,.414,17,59,.288,36,69,.522,.480,23,33,.697,11,58,69,33,9,9,23,37,146,10.9,.512,.461,.258,2.9,18.1,9.9,14.6,1.2,2.2,13.9,18.9,0.0,-0.1,0.3,0.2,.030,0.0,-2.9,-0.8,-3.6,-0.2
Reggie Jackson,SG,31,LAC,25,25,833,164,415,.395,69,210,.329,95,205,.463,.478,34,43,.791,16,73,89,99,16,3,48,47,431,12.2,.497,.506,.104,2.1,9.1,5.7,19.4,0.9,0.3,10.0,25.2,0.0,0.0,0.8,0.8,.044,0.0,-1.0,-1.6,-2.6,-0.1
LeBron James,SF,37,LAL,13,13,479,128,261,.490,36,106,.340,92,155,.594,.559,45,60,.750,10,62,72,86,22,8,47,29,337,22.1,.586,.406,.230,2.2,13.5,7.9,30.6,2.2,1.5,14.1,29.7,0.0,0.9,0.5,1.4,.140,0.0,3.9,-0.7,3.2,0.6
DeJon Jarreau,SG,24,IND,1,0,1,0,0,0.0,0,0,0.0,0,0,0.0,0.0,0,0,0.0,0,0,0,0,0,0,0,0,0,0.0,0.0,0.0,0.0,0.0,0.0,0.0,0.0,0.0,0.0,0.0,0.0,0.0,0.0,0.0,0.0,-0.001,0.0,-7.6,-2.3,-9.9,0.0
Ty Jerome,SG,24,OKC,20,1,276,46,116,.397,20,66,.303,26,50,.520,.483,24,29,.828,6,17,23,23,14,2,10,25,136,14.3,.528,.569,.250,2.2,6.4,4.2,14.1,2.5,0.7,7.2,21.7,0.0,0.3,0.2,0.5,.083,0.0,-1.2,0.1,-1.1,0.1
Isaiah Joe,SG,22,PHI,14,0,136,18,49,.367,13,38,.342,5,11,.455,.500,4,4,1.000,2,15,17,9,2,0,6,11,53,9.0,.522,.776,.082,1.6,12.0,6.8,9.7,0.7,0.0,10.6,18.9,0.0,0.0,0.1,0.1,.021,0.0,-1.7,-2.6,-4.3,-0.1
Alize Johnson,PF,25,CHI,14,0,104,12,21,.571,0,1,.000,12,20,.600,.571,3,5,.600,14,18,32,8,3,0,7,12,27,12.8,.582,.048,.238,14.8,18.7,16.8,10.4,1.4,0.0,23.2,12.8,0.0,0.1,0.1,0.3,.122,0.0,-1.4,-2.0,-3.4,0.0
Cameron Johnson,PF,25,PHO,24,0,559,80,191,.419,47,118,.398,33,73,.452,.542,21,29,.724,8,72,80,32,18,7,17,35,228,12.2,.559,.618,.152,1.5,13.1,7.5,7.8,1.5,1.1,7.7,17.1,0.0,0.4,0.8,1.2,.103,0.0,-0.2,0.1,-0.2,0.3
David Johnson,SG,20,TOR,2,0,2,0,1,.000,0,1,.000,0,0,0.0,.000,0,0,0.0,0,0,0,0,0,0,0,0,0,-20.5,.000,1.000,.000,0.0,0.0,0.0,0.0,0.0,0.0,0.0,21.5,0.0,0.0,0.0,0.0,-0.513,0.0,-18.9,-9.2,-28.2,0.0
Jalen Johnson,PF,20,ATL,7,0,19,5,10,.500,2,4,.500,3,6,.500,.600,2,2,1.000,0,5,5,0,0,0,0,0,14,23.7,.643,.400,.200,0.0,27.6,14.1,0.0,0.0,0.0,0.0,25.0,0.0,0.1,0.0,0.1,.194,0.0,6.1,-2.0,4.1,0.0
James Johnson,PF,34,BRK,15,0,264,32,63,.508,5,14,.357,27,49,.551,.548,6,14,.429,14,40,54,23,6,7,9,38,75,11.0,.542,.222,.222,5.9,15.3,10.8,12.2,1.1,2.4,11.5,13.1,0.0,0.3,0.3,0.6,.106,0.0,-2.4,0.8,-1.6,0.0
Keldon Johnson,SF,22,SAS,23,23,716,128,275,.465,26,64,.406,102,211,.483,.513,49,77,.636,26,121,147,44,22,4,32,39,331,13.6,.536,.233,.280,3.8,18.0,10.8,8.7,1.5,0.5,9.4,20.4,0.0,0.4,0.7,1.1,.072,0.0,-1.3,-1.3,-2.7,-0.1
Keon Johnson,SG,19,LAC,3,0,16,0,4,.000,0,1,.000,0,3,.000,.000,4,4,1.000,1,2,3,2,1,0,1,3,4,6.0,.347,.250,1.000,6.8,13.0,9.9,15.4,3.0,0.0,14.8,18.4,0.0,0.0,0.0,0.0,.008,0.0,-11.3,-1.9,-13.2,0.0
Nikola Jokić,C,26,DEN,18,18,586,180,312,.577,30,80,.375,150,232,.647,.625,70,93,.753,46,197,243,123,21,13,58,46,460,33.5,.652,.256,.298,8.7,37.1,22.9,40.4,1.8,2.1,14.1,31.5,0.0,2.7,1.0,3.7,.305,0.0,9.5,4.6,14.1,2.4
Damian Jones,C,26,SAC,10,0,84,12,17,.706,1,2,.500,11,15,.733,.735,7,11,.636,11,14,25,5,0,3,2,12,32,19.2,.733,.118,.647,13.8,17.5,15.6,8.7,0.0,3.0,8.4,12.1,0.0,0.3,0.0,0.4,.220,0.0,1.2,-0.8,0.4,0.1
Derrick Jones Jr.,PF,24,CHI,21,1,378,54,92,.587,7,23,.304,47,69,.681,.625,28,34,.824,29,46,75,12,11,21,11,50,143,17.0,.668,.250,.370,8.4,13.2,10.8,4.5,1.4,4.9,9.3,13.7,0.0,1.0,0.6,1.6,.197,0.0,0.0,1.2,1.2,0.3
Herb Jones,C,23,NOP,23,14,607,61,134,.455,7,21,.333,54,113,.478,.481,19,24,.792,29,44,73,38,34,18,26,72,148,9.8,.512,.157,.179,5.0,8.1,6.5,9.0,2.8,2.8,15.2,12.0,0.0,0.1,0.4,0.6,.044,0.0,-4.0,0.8,-3.3,-0.2
Kai Jones,C,21,CHO,6,0,8,1,1,1.000,0,0,0.0,1,1,1.000,1.000,0,0,0.0,0,1,1,0,0,0,3,0,2,-7.8,1.000,.000,.000,0.0,13.7,6.6,0.0,0.0,0.0,75.0,21.1,0.0,-0.1,0.0,-0.1,-0.420,0.0,-16.0,-4.2,-20.3,0.0
Tre Jones,PG,22,SAS,21,0,213,34,71,.479,0,5,.000,34,66,.515,.479,11,11,1.000,3,21,24,31,9,0,13,16,79,11.9,.521,.070,.155,1.5,10.5,5.9,20.0,2.0,0.0,14.6,17.9,0.0,0.1,0.2,0.2,.056,0.0,-4.0,-0.4,-4.3,-0.1
Tyus Jones,PG,25,MEM,24,5,443,63,134,.470,22,51,.431,41,83,.494,.552,19,21,.905,4,54,58,95,19,2,17,11,167,17.7,.583,.381,.157,1.0,13.2,7.0,29.5,2.1,0.4,10.6,15.2,0.0,1.2,0.2,1.4,.156,0.0,1.8,-0.4,1.4,0.4
DeAndre Jordan,C,33,LAL,20,16,276,45,64,.703,0,0,0.0,45,64,.703,.703,6,10,.600,34,86,120,8,7,17,16,35,96,18.8,.702,.000,.156,13.2,32.5,23.0,4.2,1.2,5.6,19.0,13.0,0.0,0.5,0.5,1.0,.180,0.0,-0.9,0.0,-0.9,0.1
Cory Joseph,PG,30,DET,22,4,473,49,115,.426,12,39,.308,37,76,.487,.478,34,41,.829,7,33,40,76,18,5,30,34,144,11.4,.541,.339,.357,1.5,8.2,4.6,25.2,1.9,1.0,18.4,14.8,0.0,0.3,0.3,0.6,.060,0.0,-3.0,-0.1,-3.1,-0.1
Georgios Kalaitzakis,SF,23,MIL,9,0,48,5,11,.455,2,4,.500,3,7,.429,.545,4,9,.444,4,4,8,0,1,1,4,8,16,6.2,.535,.364,.818,8.9,8.4,8.6,0.0,1.0,2.0,21.1,16.9,0.0,0.0,0.0,0.0,.009,0.0,-5.3,-3.4,-8.7,-0.1
Frank Kaminsky,C,28,PHO,9,0,181,36,66,.545,5,15,.333,31,51,.608,.583,18,20,.900,11,30,41,13,8,7,5,14,95,22.1,.635,.227,.303,6.6,16.9,11.9,10.6,2.1,3.4,6.3,19.1,0.0,0.6,0.3,0.9,.241,0.0,2.4,1.0,3.4,0.2
Luke Kennard,SG,25,LAC,25,1,699,94,218,.431,63,147,.429,31,71,.437,.576,15,16,.938,6,79,85,45,20,2,20,37,266,11.9,.591,.674,.073,0.9,11.7,6.4,9.5,1.4,0.2,8.2,15.2,0.0,0.8,0.8,1.6,.113,0.0,-0.4,0.1,-0.3,0.3
Louis King,SF,22,SAC,3,0,49,7,21,.333,4,14,.286,3,7,.429,.429,6,7,.857,0,7,7,1,2,0,0,7,24,11.1,.498,.667,.333,0.0,15.0,7.5,3.0,2.0,0.0,0.0,20.9,0.0,0.0,0.0,0.1,.078,0.0,-2.9,-1.6,-4.5,0.0
Corey Kispert,SF,22,WAS,23,0,279,32,78,.410,11,46,.239,21,32,.656,.481,11,14,.786,10,31,41,12,5,3,8,10,86,9.6,.511,.590,.179,4.0,11.5,7.9,6.2,0.9,0.9,8.7,14.8,0.0,0.1,0.2,0.3,.047,0.0,-1.5,-1.3,-2.8,-0.1
Maxi Kleber,PF,30,DAL,14,3,318,36,83,.434,23,61,.377,13,22,.591,.572,12,18,.667,17,57,74,11,7,12,7,32,107,13.6,.588,.735,.217,5.5,20.4,12.5,5.0,1.1,3.3,7.1,13.7,0.0,0.5,0.4,0.8,.126,0.0,0.0,-0.2,-0.2,0.1
Nathan Knight,PF,24,MIN,9,0,34,5,7,.714,0,0,0.0,5,7,.714,.714,7,10,.700,4,6,10,3,1,2,3,5,17,23.1,.746,.000,1.429,11.7,19.2,15.3,13.3,1.4,5.6,20.8,17.6,0.0,0.1,0.0,0.2,.245,0.0,0.9,2.9,3.8,0.1
Kevin Knox,SF,22,NYK,5,0,18,2,5,.400,1,3,.333,1,2,.500,.500,1,2,.500,2,0,2,1,0,0,2,2,6,5.2,.510,.600,.400,11.8,0.0,5.9,8.1,0.0,0.0,25.4,19.2,0.0,0.0,0.0,0.0,-0.060,0.0,-3.3,-4.6,-7.9,0.0
John Konchar,SG,25,MEM,22,0,339,36,66,.545,10,25,.400,26,41,.634,.621,3,8,.375,21,61,82,29,16,5,13,26,85,13.5,.611,.379,.121,6.5,19.4,12.9,11.2,2.3,1.3,15.8,10.2,0.0,0.5,0.3,0.8,.110,0.0,-0.8,0.5,-0.3,0.1
Furkan Korkmaz,SG,24,PHI,23,5,531,76,200,.380,37,117,.316,39,83,.470,.473,21,26,.808,7,59,66,59,17,3,23,20,210,12.0,.497,.585,.130,1.4,12.1,6.8,16.6,1.6,0.5,9.8,20.0,0.0,0.1,0.3,0.4,.039,0.0,-0.6,-2.2,-2.8,-0.1
Vit Krejci,SG,21,OKC,3,0,9,0,2,.000,0,2,.000,0,0,0.0,.000,2,2,1.000,0,3,3,0,0,0,1,0,2,-0.9,.347,1.000,1.000,0.0,34.7,17.0,0.0,0.0,0.0,25.8,18.6,0.0,0.0,0.0,0.0,-0.175,0.0,-12.0,-4.3,-16.3,0.0
Jonathan Kuminga,SF,19,GSW,15,0,113,20,46,.435,2,15,.133,18,31,.581,.457,9,15,.600,8,18,26,5,5,2,8,17,51,10.6,.485,.326,.326,8.1,16.5,12.5,6.5,2.1,1.7,13.2,23.0,0.0,-0.1,0.2,0.2,.066,0.0,-5.3,-0.4,-5.7,-0.1
Kyle Kuzma,PF,26,WAS,25,25,814,120,283,.424,50,142,.352,70,141,.496,.512,32,49,.653,21,189,210,71,15,18,50,53,322,12.5,.529,.502,.173,2.9,24.0,13.9,13.2,0.9,1.8,14.1,19.5,0.0,0.0,1.0,0.9,.056,0.0,-0.7,0.1,-0.6,0.3
Jeremy Lamb,SF,29,IND,19,0,264,43,109,.394,23,58,.397,20,51,.392,.500,30,30,1.000,7,42,49,21,9,7,11,20,139,17.5,.569,.532,.275,2.9,17.2,10.1,11.8,1.7,2.3,8.3,22.0,0.0,0.5,0.3,0.8,.151,0.0,2.6,0.1,2.8,0.3
Jock Landale,C,26,SAS,8,0,24,8,10,.800,2,3,.667,6,7,.857,.900,2,3,.667,2,0,2,2,0,1,1,1,20,34.1,.883,.300,.300,8.7,0.0,4.4,15.0,0.0,3.7,8.1,22.0,0.0,0.1,0.0,0.2,.311,0.0,10.4,0.9,11.3,0.1
Romeo Langford,SG,22,BOS,19,0,351,34,82,.415,15,36,.417,19,46,.413,.506,9,12,.750,16,41,57,10,8,2,10,25,92,8.4,.527,.439,.146,4.8,12.6,8.7,4.1,1.1,0.5,10.3,12.2,0.0,0.2,0.3,0.4,.060,0.0,-2.8,-0.6,-3.4,-0.1
Zach LaVine,SF,26,CHI,25,25,875,237,484,.490,71,188,.378,166,296,.561,.563,102,118,.864,9,123,132,101,13,9,64,38,647,21.7,.604,.388,.244,1.1,15.2,8.2,19.8,0.7,0.9,10.7,30.1,0.0,2.1,0.9,2.9,.162,0.0,5.2,-1.7,3.5,1.2
Jake Layman,SF,27,MIN,7,0,34,3,10,.300,1,4,.250,2,6,.333,.350,0,0,0.0,1,4,5,0,1,1,2,1,7,2.0,.350,.400,.000,2.9,12.8,7.6,0.0,1.4,2.8,16.7,14.7,0.0,-0.1,0.0,-0.1,-0.088,0.0,-7.5,-3.0,-10.6,-0.1
Damion Lee,SG,29,GSW,18,0,377,58,134,.433,21,63,.333,37,71,.521,.511,20,24,.833,7,51,58,20,7,2,11,24,157,11.1,.543,.470,.179,2.1,14.1,8.4,7.5,0.9,0.5,7.1,17.7,0.0,0.3,0.6,0.9,.115,0.0,-2.1,-1.4,-3.6,-0.1
Saben Lee,PG,22,DET,9,0,114,13,38,.342,4,18,.222,9,20,.450,.395,7,12,.583,1,14,15,14,9,2,6,6,37,10.9,.427,.474,.316,0.9,14.4,7.1,19.6,3.9,1.6,12.2,18.5,0.0,-0.1,0.2,0.0,.011,0.0,-4.1,2.8,-1.3,0.0
Alex Len,C,28,SAC,16,3,261,36,71,.507,6,14,.429,30,57,.526,.549,18,27,.667,15,47,62,16,3,15,18,49,96,11.9,.579,.197,.380,6.0,18.9,12.5,8.9,0.6,4.8,17.8,16.4,0.0,0.2,0.2,0.4,.073,0.0,-3.9,-0.1,-4.0,-0.1
Caris LeVert,SG,27,IND,18,18,497,108,257,.420,21,81,.259,87,176,.494,.461,32,41,.780,7,41,48,52,14,10,25,36,269,13.6,.489,.315,.160,1.6,8.9,5.3,16.8,1.4,1.7,8.3,26.3,0.0,0.0,0.4,0.4,.040,0.0,-1.3,-1.2,-2.5,-0.1
Kira Lewis Jr.,PG,20,NOP,23,0,332,57,142,.401,13,57,.228,44,85,.518,.447,9,11,.818,9,30,39,46,10,1,25,17,136,10.0,.463,.401,.077,2.8,10.1,6.3,22.3,1.5,0.3,14.5,22.1,0.0,-0.3,0.1,-0.2,-0.028,0.0,-3.2,-2.2,-5.4,-0.3
Damian Lillard,PG,31,POR,20,20,714,146,368,.397,55,182,.302,91,186,.489,.471,82,90,.911,8,71,79,156,13,8,52,28,429,18.4,.526,.495,.245,1.2,11.1,6.1,34.7,0.9,1.1,11.3,28.0,0.0,1.3,0.0,1.4,.093,0.0,2.6,-2.8,-0.2,0.3
Nassir Little,SF,21,POR,21,2,470,65,136,.478,20,63,.317,45,73,.616,.551,24,29,.828,30,82,112,16,16,13,19,44,174,14.3,.585,.463,.213,6.9,19.5,13.1,4.9,1.7,2.6,11.3,15.5,0.0,0.6,0.3,0.9,.095,0.0,-1.0,-0.9,-1.9,0.0
Kevon Looney,C,25,GSW,24,24,426,51,99,.515,0,1,.000,51,98,.520,.515,23,41,.561,59,93,152,26,12,17,16,58,125,15.0,.534,.010,.414,15.8,22.7,19.4,8.3,1.4,3.9,12.0,13.4,0.0,0.8,0.9,1.7,.193,0.0,-2.0,0.0,-2.0,0.0
Brook Lopez,C,33,MIL,1,1,28,3,9,.333,2,4,.500,1,5,.200,.444,0,0,0.0,2,3,5,0,1,3,0,3,8,12.0,.444,.444,.000,7.6,10.8,9.2,0.0,1.7,10.2,0.0,13.8,0.0,0.0,0.1,0.1,.101,0.0,-2.9,-1.8,-4.7,0.0
Robin Lopez,C,33,ORL,8,1,121,22,37,.595,0,1,.000,22,36,.611,.595,10,16,.625,12,9,21,8,0,5,9,14,54,15.0,.613,.027,.432,10.4,7.9,9.2,11.3,0.0,3.9,17.0,18.9,0.0,0.2,0.0,0.2,.079,0.0,-1.4,-2.2,-3.6,0.0
Didi Louzada,SF,22,NOP,2,0,7,0,3,.000,0,3,.000,0,0,0.0,.000,0,0,0.0,2,0,2,1,0,0,0,0,0,-1.1,.000,1.000,.000,29.7,0.0,15.4,18.0,0.0,0.0,0.0,18.3,0.0,0.0,0.0,0.0,-0.263,0.0,-3.7,-9.6,-13.3,0.0
Kevin Love,PF,33,CLE,17,0,340,60,148,.405,30,83,.361,30,65,.462,.507,37,39,.949,21,99,120,34,4,4,17,18,187,19.6,.566,.561,.264,6.8,31.2,19.2,16.0,0.6,1.0,9.3,23.4,0.0,0.8,0.5,1.3,.184,0.0,3.9,0.5,4.3,0.5
Kyle Lowry,PG,35,MIA,23,23,782,103,243,.424,45,144,.313,58,99,.586,.516,47,54,.870,11,94,105,175,24,8,69,64,298,14.2,.559,.593,.222,1.6,13.3,7.5,33.1,1.5,1.1,20.6,19.0,0.0,1.0,0.8,1.7,.107,0.0,0.2,0.1,0.3,0.5
Timothé Luwawu-Cabarrot,SF,26,ATL,18,4,173,23,57,.404,16,40,.400,7,17,.412,.544,5,6,.833,1,19,20,9,3,3,3,20,67,10.7,.562,.702,.105,0.6,11.5,6.2,7.1,0.9,1.6,4.8,15.8,0.0,0.2,0.1,0.3,.081,0.0,-1.8,-1.5,-3.4,-0.1
Trey Lyles,PF,26,DET,23,0,366,58,141,.411,19,65,.292,39,76,.513,.479,39,50,.780,32,64,96,17,7,4,21,31,174,14.4,.534,.461,.355,8.8,20.6,14.2,8.0,0.9,1.0,11.4,21.6,0.0,0.3,0.2,0.5,.069,0.0,-0.6,-2.2,-2.8,-0.1
Théo Maledon,PG,20,OKC,12,0,155,9,40,.225,3,26,.115,6,14,.429,.263,10,12,.833,5,16,21,12,4,1,14,10,31,1.2,.342,.650,.300,3.2,10.7,6.9,11.1,1.3,0.6,23.6,16.5,0.0,-0.5,0.1,-0.4,-0.130,0.0,-9.0,-2.7,-11.8,-0.4
Sandro Mamukelashvili,PF,22,MIL,12,1,114,14,31,.452,4,11,.364,10,20,.500,.516,2,3,.667,14,14,28,6,0,1,3,6,34,12.3,.526,.355,.097,13.1,12.3,12.7,7.4,0.0,0.8,8.5,13.3,0.0,0.2,0.1,0.3,.114,0.0,0.5,-2.9,-2.4,0.0
Terance Mann,SF,25,LAC,24,0,654,84,187,.449,23,68,.338,61,119,.513,.511,36,46,.783,35,87,122,56,15,2,26,56,227,12.1,.548,.364,.246,5.8,13.8,9.9,12.5,1.1,0.3,11.1,15.5,0.0,0.8,0.8,1.6,.115,0.0,-1.7,-0.3,-1.9,0.0
Tre Mann,PG,20,OKC,15,2,228,40,97,.412,13,37,.351,27,60,.450,.479,13,18,.722,7,20,27,4,7,5,12,20,106,10.3,.505,.381,.186,3.1,9.1,6.0,3.0,1.5,2.1,10.3,22.1,0.0,-0.2,0.2,0.0,-0.001,0.0,-3.5,-2.0,-5.6,-0.2
Boban Marjanović,C,33,DAL,13,0,81,29,45,.644,1,2,.500,28,43,.651,.656,6,13,.462,6,20,26,2,0,2,8,16,65,23.0,.641,.044,.289,7.6,28.1,17.3,5.5,0.0,2.2,13.6,32.3,0.0,0.1,0.1,0.1,.087,0.0,-0.1,-1.4,-1.5,0.0
Lauri Markkanen,PF,24,CLE,16,16,509,82,202,.406,38,114,.333,44,88,.500,.500,31,36,.861,21,77,98,19,13,9,11,23,233,14.4,.535,.564,.178,4.5,16.2,10.5,5.8,1.3,1.6,4.8,19.6,0.0,0.6,0.7,1.3,.121,0.0,0.5,-0.2,0.3,0.3
Naji Marshall,SF,24,NOP,18,0,206,19,59,.322,3,23,.130,16,36,.444,.347,25,29,.862,13,40,53,20,8,3,18,20,66,9.8,.460,.390,.492,6.6,21.7,13.9,13.8,1.9,1.4,20.1,18.6,0.0,-0.2,0.1,0.0,-0.003,0.0,-5.2,-0.6,-5.8,-0.2
Caleb Martin,SF,26,MIA,22,1,416,57,123,.463,14,45,.311,43,78,.551,.520,19,32,.594,17,48,65,19,20,11,12,31,147,13.1,.536,.366,.260,4.7,12.8,8.8,6.8,2.4,2.9,8.0,15.9,0.0,0.4,0.6,0.9,.106,0.0,-1.0,0.7,-0.3,0.2
Cody Martin,SF,26,CHO,24,1,616,74,154,.481,25,51,.490,49,103,.476,.562,29,40,.725,31,72,103,57,31,12,14,41,202,15.2,.589,.331,.260,5.1,12.8,8.8,12.2,2.4,1.8,7.5,12.7,0.0,1.3,0.3,1.6,.125,0.0,0.6,0.4,1.0,0.5
Kelan Martin,SF,26,IND,19,1,319,53,127,.417,16,55,.291,37,72,.514,.480,7,11,.636,12,24,36,18,10,7,13,26,129,10.7,.489,.433,.087,4.2,8.1,6.2,8.4,1.5,1.9,9.0,19.8,0.0,0.0,0.3,0.2,.033,0.0,-2.1,-1.4,-3.5,-0.1
Kenyon Martin Jr.,SF,21,HOU,22,0,341,64,116,.552,9,31,.290,55,85,.647,.591,15,23,.652,14,54,68,20,9,10,10,24,152,16.4,.603,.267,.198,4.4,16.6,10.6,9.8,1.2,2.7,7.3,16.8,0.0,0.6,0.3,0.9,.131,0.0,0.5,0.0,0.5,0.2
Garrison Mathews,SG,25,HOU,10,5,268,39,80,.488,29,69,.420,10,11,.909,.669,12,15,.800,8,23,31,4,5,3,2,25,119,14.3,.687,.863,.188,3.2,9.0,6.1,2.3,0.9,1.0,2.3,13.9,0.0,0.7,0.1,0.8,.148,0.0,1.2,-1.3,-0.1,0.1
Wesley Matthews,SG,35,MIL,2,0,27,2,5,.400,2,5,.400,0,0,0.0,.600,0,2,.000,1,2,3,0,2,1,2,3,6,5.7,.510,1.000,.400,4.0,7.4,5.7,0.0,3.6,3.5,25.4,12.5,0.0,0.0,0.0,0.0,-0.001,0.0,-5.2,3.8,-1.3,0.0
Tyrese Maxey,PG,21,PHI,23,23,815,148,318,.465,26,72,.361,122,246,.496,.506,74,83,.892,9,79,88,112,17,14,27,55,396,17.1,.559,.226,.261,1.2,10.6,5.9,21.7,1.0,1.5,7.1,21.2,0.0,1.8,0.4,2.2,.129,0.0,1.3,-1.1,0.3,0.5
Skylar Mays,SG,24,ATL,7,0,19,4,5,.800,1,2,.500,3,3,1.000,.900,5,5,1.000,0,2,2,1,0,0,2,2,14,25.1,.972,.400,1.000,0.0,11.0,5.6,8.1,0.0,0.0,21.7,21.2,0.0,0.1,0.0,0.1,.266,0.0,4.1,0.5,4.6,0.0
Miles McBride,PG,21,NYK,6,0,8,1,9,.111,0,6,.000,1,3,.333,.111,0,0,0.0,1,0,1,1,1,1,0,1,2,-11.5,.111,.667,.000,13.3,0.0,6.6,18.5,6.2,11.8,0.0,49.3,0.0,-0.1,0.0,-0.1,-0.660,0.0,-18.0,-4.2,-22.2,0.0
CJ McCollum,SG,30,POR,24,24,848,191,451,.424,77,196,.393,114,255,.447,.509,35,50,.700,27,72,99,107,26,17,46,51,494,16.8,.522,.435,.111,3.5,9.5,6.4,20.7,1.5,1.9,8.9,26.6,0.0,0.9,0.2,1.2,.066,0.0,2.4,-2.2,0.2,0.5
T.J. McConnell,PG,29,IND,24,6,581,91,181,.503,7,25,.280,84,156,.538,.522,12,15,.800,19,61,80,115,25,9,28,43,201,16.1,.536,.138,.083,3.6,11.3,7.5,29.0,2.1,1.3,13.0,16.2,0.0,1.0,0.6,1.6,.132,0.0,0.1,1.1,1.2,0.5
Jaden McDaniels,PF,21,MIN,21,11,528,53,132,.402,15,56,.268,38,76,.500,.458,7,11,.636,34,59,93,17,20,12,21,79,128,7.2,.468,.424,.083,6.4,12.2,9.1,4.5,1.8,2.2,13.3,12.4,0.0,-0.1,0.6,0.5,.042,0.0,-5.4,-0.4,-5.7,-0.5
Jalen McDaniels,SF,24,CHO,22,0,331,42,80,.525,20,44,.455,22,36,.611,.650,16,25,.640,13,59,72,21,8,8,13,37,120,13.8,.659,.550,.313,4.0,19.6,11.5,8.4,1.2,2.3,12.5,13.3,0.0,0.6,0.1,0.8,.110,0.0,-0.3,-0.8,-1.2,0.1
Doug McDermott,PF,30,SAS,16,16,405,69,147,.469,35,80,.438,34,67,.507,.588,8,11,.727,8,29,37,23,3,1,10,21,181,12.3,.596,.544,.075,2.1,7.6,4.8,7.9,0.4,0.2,6.2,17.1,0.0,0.6,0.1,0.7,.082,0.0,0.3,-2.8,-2.5,0.0
JaVale McGee,C,34,PHO,24,6,372,104,156,.667,0,0,0.0,104,156,.667,.667,33,51,.647,57,110,167,13,8,20,39,58,241,25.1,.675,.000,.327,16.6,30.2,23.6,5.8,1.0,4.7,17.9,25.3,0.0,0.9,0.8,1.7,.219,0.0,0.5,-0.2,0.3,0.2
Rodney McGruder,SG,30,DET,9,0,48,5,14,.357,2,8,.250,3,6,.500,.429,2,2,1.000,2,4,6,3,0,1,1,1,14,8.8,.470,.571,.143,4.2,9.8,6.8,9.8,0.0,1.9,6.3,14.2,0.0,0.0,0.0,0.0,.025,0.0,-2.4,-2.2,-4.6,0.0
JaQuori McLaughlin,PG,24,DAL,2,0,5,0,1,.000,0,0,0.0,0,1,.000,.000,0,0,0.0,0,0,0,2,0,0,0,0,0,5.1,.000,.000,.000,0.0,0.0,0.0,49.8,0.0,0.0,0.0,8.9,0.0,0.0,0.0,0.0,-0.043,0.0,-2.8,-6.0,-8.8,0.0
Jordan McLaughlin,PG,25,MIN,17,0,187,13,41,.317,4,19,.211,9,22,.409,.366,7,9,.778,3,13,16,38,10,0,11,7,37,9.1,.411,.463,.220,1.6,7.6,4.4,27.5,2.6,0.0,19.7,12.5,0.0,0.0,0.2,0.2,.045,0.0,-4.0,-0.4,-4.4,-0.1
Ben McLemore,SG,28,POR,10,0,113,17,42,.405,13,36,.361,4,6,.667,.560,5,5,1.000,3,5,8,7,2,0,5,7,52,12.1,.588,.857,.119,2.9,5.0,3.9,9.1,0.9,0.0,10.2,18.9,0.0,0.2,0.0,0.1,.060,0.0,1.1,-3.2,-2.1,0.0
De'Anthony Melton,SG,23,MEM,21,12,519,82,201,.408,38,105,.362,44,96,.458,.502,13,20,.650,19,68,87,51,33,14,36,32,215,13.7,.512,.522,.100,3.9,14.1,8.9,13.8,3.1,2.5,14.6,19.8,0.0,0.0,0.5,0.6,.053,0.0,-0.6,-0.2,-0.8,0.1
Sam Merrill,SG,25,MEM,6,0,58,8,24,.333,7,23,.304,1,1,1.000,.479,2,4,.500,1,6,7,4,0,0,2,3,25,8.1,.485,.958,.167,1.8,11.2,6.4,9.4,0.0,0.0,7.2,20.1,0.0,0.0,0.0,0.0,.007,0.0,-1.8,-5.4,-7.2,-0.1
Chimezie Metu,C,24,SAC,13,10,301,43,109,.394,15,56,.268,28,53,.528,.463,11,15,.733,14,73,87,14,11,12,14,15,112,12.9,.484,.514,.138,4.9,25.4,15.2,6.8,1.8,3.4,10.8,18.3,0.0,-0.1,0.4,0.3,.047,0.0,-1.1,-0.5,-1.5,0.0
Khris Middleton,SF,30,MIL,17,17,523,107,255,.420,33,100,.330,74,155,.477,.484,58,67,.866,7,83,90,87,20,3,50,32,305,16.7,.536,.392,.263,1.4,15.9,8.9,26.4,1.8,0.5,14.9,27.4,0.0,0.4,0.7,1.1,.100,0.0,0.5,-0.7,-0.3,0.2
Patty Mills,PG,33,BRK,24,10,687,107,233,.459,74,160,.463,33,73,.452,.618,13,14,.929,6,36,42,58,14,5,20,31,301,13.7,.629,.687,.060,1.0,5.3,3.2,12.5,1.0,0.6,7.7,16.6,0.0,1.2,0.5,1.7,.118,0.0,1.4,-1.4,0.0,0.4
Paul Millsap,PF,36,BRK,19,0,208,22,61,.361,6,23,.261,16,38,.421,.410,12,17,.706,20,48,68,18,4,7,9,39,62,10.7,.453,.377,.279,10.6,23.2,17.2,11.9,0.9,3.0,11.6,16.4,0.0,0.1,0.3,0.4,.090,0.0,-3.9,0.2,-3.6,-0.1
Shake Milton,PG,25,PHI,19,5,485,87,188,.463,19,58,.328,68,130,.523,.513,30,34,.882,10,48,58,55,13,8,21,37,223,15.3,.549,.309,.181,2.3,10.8,6.5,17.9,1.3,1.5,9.4,20.9,0.0,0.6,0.3,0.9,.093,0.0,0.4,-0.9,-0.6,0.2
Davion Mitchell,PG,23,SAC,24,0,614,87,233,.373,27,96,.281,60,137,.438,.431,17,26,.654,16,47,63,81,19,5,26,57,218,9.4,.446,.412,.112,2.7,8.0,5.4,19.2,1.5,0.7,9.6,18.7,0.0,-0.1,0.2,0.1,.010,0.0,-3.1,-1.4,-4.5,-0.4
Donovan Mitchell,SG,25,UTA,22,22,716,198,444,.446,68,202,.337,130,242,.537,.523,69,78,.885,20,70,90,113,38,4,66,55,533,21.9,.557,.455,.176,3.2,10.1,6.9,27.6,2.6,0.5,12.1,33.1,0.0,1.6,0.8,2.4,.162,0.0,3.5,-0.2,3.3,1.0
Evan Mobley,PF,20,CLE,21,21,711,114,245,.465,14,42,.333,100,203,.493,.494,51,65,.785,37,134,171,55,19,38,36,44,293,15.9,.535,.171,.265,5.7,20.2,13.1,12.0,1.3,4.7,11.6,19.0,0.0,0.6,1.2,1.9,.126,0.0,-0.5,1.3,0.8,0.5
Malik Monk,SG,23,LAL,25,2,606,97,208,.466,45,120,.375,52,88,.591,.575,19,23,.826,10,56,66,55,18,6,32,38,258,13.0,.591,.577,.111,1.8,9.6,5.8,13.1,1.4,0.9,12.8,17.6,0.0,0.7,0.4,1.1,.086,0.0,-0.4,-0.9,-1.2,0.1
Moses Moody,SG,19,GSW,16,0,93,11,28,.393,2,15,.133,9,13,.692,.429,1,2,.500,1,10,11,3,1,2,1,4,25,5.9,.433,.536,.071,1.2,11.2,6.4,4.4,0.5,2.1,3.3,13.8,0.0,-0.1,0.1,0.1,.042,0.0,-4.8,-1.5,-6.3,-0.1
Ja Morant,PG,22,MEM,19,19,619,170,357,.476,31,87,.356,139,270,.515,.520,87,112,.777,25,81,106,129,30,5,60,25,458,24.4,.564,.244,.314,4.3,14.1,9.1,35.1,2.4,0.7,12.9,31.6,0.0,1.7,0.4,2.1,.160,0.0,5.3,-1.8,3.5,0.9
Marcus Morris,PF,32,LAC,9,9,261,40,96,.417,20,52,.385,20,44,.455,.521,9,12,.750,2,31,33,19,5,4,14,23,109,10.2,.538,.542,.125,0.8,12.3,6.7,11.1,0.9,1.3,12.1,19.2,0.0,0.0,0.3,0.3,.057,0.0,-1.8,-0.3,-2.0,0.0
Markieff Morris,PF,32,MIA,10,0,187,32,70,.457,8,22,.364,24,48,.500,.514,5,5,1.000,13,15,28,14,3,1,12,22,77,10.9,.533,.314,.071,7.9,8.9,8.4,11.8,0.8,0.6,14.3,20.0,0.0,0.1,0.1,0.2,.054,0.0,-1.9,-0.4,-2.3,0.0
Monte Morris,PG,26,DEN,23,23,686,121,251,.482,30,89,.337,91,162,.562,.542,6,10,.600,6,55,61,100,17,3,30,37,278,13.6,.544,.355,.040,1.0,8.8,4.9,22.4,1.2,0.4,10.5,18.7,0.0,0.7,0.4,1.2,.083,0.0,-1.1,-0.9,-2.0,0.0
Mychal Mulder,PG,27,ORL,12,1,130,13,49,.265,10,34,.294,3,15,.200,.367,2,2,1.000,2,12,14,1,3,1,4,8,38,2.2,.381,.694,.041,1.6,9.8,5.7,1.2,1.1,0.7,7.4,17.8,0.0,-0.3,0.0,-0.3,-0.102,0.0,-6.2,-2.8,-9.0,-0.2
Trey Murphy III,SF,21,NOP,25,0,372,40,108,.370,31,79,.392,9,29,.310,.514,9,10,.900,18,42,60,14,8,4,10,32,120,9.6,.534,.731,.093,5.0,12.6,8.7,5.5,1.1,1.0,8.2,14.0,0.0,0.3,0.1,0.4,.050,0.0,-2.0,-2.1,-4.0,-0.2
Dejounte Murray,PG,25,SAS,23,23,800,182,407,.447,32,93,.344,150,314,.478,.486,37,53,.698,22,171,193,194,45,9,54,47,433,20.3,.503,.229,.130,2.9,22.7,12.7,36.7,2.7,1.0,11.1,25.9,0.0,0.9,1.2,2.1,.125,0.0,1.8,1.6,3.3,1.1
Mike Muscala,C,30,OKC,17,0,248,46,101,.455,29,67,.433,17,34,.500,.599,24,30,.800,7,49,56,9,7,10,7,22,145,20.5,.635,.663,.297,2.8,20.5,11.5,6.4,1.4,3.9,5.8,21.1,0.0,0.7,0.3,1.0,.186,0.0,3.9,0.4,4.3,0.4
Svi Mykhailiuk,SF,24,TOR,24,4,448,62,143,.434,27,81,.333,35,62,.565,.528,20,22,.909,16,47,63,27,19,2,16,31,171,13.3,.560,.566,.154,3.7,12.1,7.7,8.8,2.1,0.4,9.5,16.2,0.0,0.6,0.3,1.0,.103,0.0,-0.2,-0.6,-0.8,0.1
Abdel Nader,SF,28,PHO,14,0,145,12,35,.343,4,14,.286,8,21,.381,.400,6,10,.600,4,23,27,7,8,4,11,20,34,5.1,.431,.400,.286,3.0,16.2,9.8,6.1,2.6,2.4,21.8,15.0,0.0,-0.3,0.3,0.0,-0.005,0.0,-7.3,0.4,-6.9,-0.2
Larry Nance Jr.,PF,29,POR,25,0,507,63,117,.538,12,39,.308,51,78,.654,.590,18,29,.621,35,88,123,34,22,9,19,35,156,15.0,.601,.333,.248,7.5,19.4,13.4,9.5,2.1,1.7,12.8,12.8,0.0,0.8,0.3,1.2,.112,0.0,0.0,0.1,0.2,0.3
RJ Nembhard,SG,22,CLE,2,0,3,1,1,1.000,0,0,0.0,1,1,1.000,1.000,0,0,0.0,0,1,1,1,0,0,0,0,2,41.6,1.000,.000,.000,0.0,35.7,18.1,71.0,0.0,0.0,0.0,14.6,0.0,0.0,0.0,0.0,.579,0.0,9.6,5.5,15.0,0.0
Aaron Nesmith,SF,22,BOS,20,0,199,23,65,.354,12,45,.267,11,20,.550,.446,4,4,1.000,6,24,30,8,5,0,8,27,62,5.8,.464,.692,.062,3.2,13.0,8.1,5.9,1.2,0.0,10.7,16.5,0.0,-0.1,0.2,0.0,.005,0.0,-5.0,-0.9,-5.8,-0.2
Raul Neto,PG,29,WAS,24,0,470,71,155,.458,11,40,.275,60,115,.522,.494,28,39,.718,4,43,47,61,18,1,30,38,181,11.6,.526,.258,.252,1.0,9.5,5.4,19.7,1.9,0.2,14.8,19.3,0.0,0.1,0.4,0.5,.047,0.0,-3.4,-0.5,-3.9,-0.2
Georges Niang,PF,28,PHI,24,5,590,95,218,.436,51,131,.389,44,87,.506,.553,27,29,.931,6,58,64,41,15,8,18,62,268,13.6,.581,.601,.133,1.1,10.7,5.9,10.6,1.3,1.2,7.2,19.1,0.0,0.9,0.3,1.2,.097,0.0,0.7,-1.6,-0.9,0.2
Daishen Nix,SG,19,HOU,1,0,2,0,0,0.0,0,0,0.0,0,0,0.0,0.0,0,0,0.0,0,0,0,1,0,0,0,0,0,15.7,0.0,0.0,0.0,0.0,0.0,0.0,63.5,0.0,0.0,0.0,0.0,0.0,0.0,0.0,0.0,.210,0.0,2.0,-0.6,1.5,0.0
Zeke Nnaji,PF,21,DEN,11,0,157,29,56,.518,17,28,.607,12,28,.429,.670,10,16,.625,13,27,40,1,1,4,5,16,85,19.3,.674,.500,.286,9.2,19.0,14.1,1.0,0.3,2.4,7.3,19.5,0.0,0.4,0.1,0.6,.176,0.0,3.1,-2.3,0.8,0.1
Nerlens Noel,C,27,NYK,11,4,261,16,31,.516,0,2,.000,16,29,.552,.516,12,13,.923,28,40,68,10,12,14,12,32,44,12.4,.599,.065,.419,11.4,16.3,13.8,5.2,2.3,5.0,24.6,8.2,0.0,0.3,0.3,0.6,.117,0.0,-2.6,0.7,-1.9,0.0
Jaylen Nowell,SG,22,MIN,11,0,64,12,33,.364,1,8,.125,11,25,.440,.379,2,2,1.000,3,7,10,9,3,3,1,3,27,14.3,.398,.242,.061,4.7,11.9,8.1,22.6,2.3,4.5,2.9,22.7,0.0,0.0,0.1,0.1,.062,0.0,-1.7,0.0,-1.7,0.0
Frank Ntilikina,PG,23,DAL,17,0,237,28,80,.350,15,44,.341,13,36,.361,.444,12,12,1.000,3,29,32,23,12,3,11,18,83,10.9,.487,.550,.150,1.3,13.9,7.3,14.2,2.5,1.1,11.4,18.1,0.0,0.0,0.3,0.2,.047,0.0,-2.7,0.4,-2.3,0.0
Jusuf Nurkić,C,27,POR,25,25,617,128,217,.590,5,20,.250,123,197,.624,.601,74,99,.747,62,192,254,55,28,14,47,73,335,23.9,.643,.092,.456,10.9,34.9,22.7,14.2,2.2,2.1,15.3,21.7,0.0,1.8,0.7,2.5,.197,0.0,2.1,0.8,3.0,0.8
David Nwaba,SF,29,HOU,15,0,176,23,52,.442,1,13,.077,22,39,.564,.452,14,22,.636,8,38,46,10,10,4,8,15,61,12.6,.494,.250,.423,4.9,22.6,13.8,8.7,2.7,2.1,11.5,16.7,0.0,0.0,0.3,0.3,.070,0.0,-3.3,0.6,-2.7,0.0
Jordan Nwora,SF,23,MIL,21,0,372,55,139,.396,26,72,.361,29,67,.433,.489,11,13,.846,11,57,68,24,5,9,25,21,147,9.7,.508,.518,.094,3.2,15.4,9.5,9.4,0.6,2.3,14.7,19.5,0.0,-0.2,0.4,0.2,.029,0.0,-2.0,-2.1,-4.1,-0.2
Royce O'Neale,SF,28,UTA,21,21,659,61,126,.484,34,87,.391,27,39,.692,.619,12,17,.706,21,85,106,47,32,15,26,49,168,12.1,.629,.690,.135,3.7,13.4,8.8,9.4,2.4,1.9,16.3,10.5,0.0,0.9,0.9,1.8,.129,0.0,-0.2,2.3,2.1,0.7
Semi Ojeleye,PF,27,MIL,11,0,218,12,47,.255,6,28,.214,6,19,.316,.319,3,5,.600,21,19,40,4,4,5,5,17,33,4.6,.335,.596,.106,10.3,8.8,9.5,2.4,0.9,2.2,9.2,10.7,0.0,-0.2,0.2,0.0,.009,0.0,-4.8,-2.4,-7.2,-0.3
Chuma Okeke,PF,23,ORL,19,0,404,50,131,.382,14,60,.233,36,71,.507,.435,23,27,.852,12,66,78,22,14,6,15,25,137,10.1,.479,.458,.206,3.1,17.3,10.2,8.5,1.7,1.4,9.5,16.8,0.0,-0.1,0.3,0.2,.023,0.0,-2.8,-0.6,-3.4,-0.1
Josh Okogie,SG,23,MIN,16,5,248,14,44,.318,3,18,.167,11,26,.423,.352,10,20,.500,15,22,37,16,11,5,8,24,41,6.6,.388,.409,.455,6.0,9.6,7.7,8.6,2.2,1.9,13.2,10.2,0.0,-0.1,0.3,0.2,.032,0.0,-5.0,0.1,-4.9,-0.2
Isaac Okoro,SF,21,CLE,18,14,518,47,131,.359,12,55,.218,35,76,.461,.405,26,35,.743,26,47,73,33,17,5,19,42,132,7.8,.451,.420,.267,5.5,9.7,7.7,9.0,1.6,0.8,11.5,14.0,0.0,-0.1,0.6,0.5,.049,0.0,-3.7,0.1,-3.6,-0.2
KZ Okpala,PF,22,MIA,12,0,71,5,19,.263,1,10,.100,4,9,.444,.289,6,8,.750,5,8,13,4,1,1,0,6,17,7.6,.377,.526,.421,8.0,12.5,10.3,7.6,0.7,1.6,0.0,14.1,0.0,0.0,0.1,0.1,.049,0.0,-4.2,-1.9,-6.1,-0.1
Kelly Olynyk,C,30,DET,10,1,230,45,98,.459,14,41,.341,31,57,.544,.531,21,35,.600,13,40,53,23,14,7,15,27,125,18.8,.551,.418,.357,5.7,20.4,12.5,18.3,3.0,2.8,11.7,23.9,0.0,0.2,0.3,0.5,.114,0.0,0.9,1.6,2.5,0.3
Eugene Omoruyi,SF,24,DAL,4,0,18,2,5,.400,1,2,.500,1,3,.333,.500,2,4,.500,2,5,7,2,0,0,0,2,7,17.6,.518,.400,.800,11.3,31.6,20.9,16.0,0.0,0.0,0.0,16.7,0.0,0.1,0.0,0.1,.189,0.0,1.2,0.9,2.1,0.0
Miye Oni,SG,24,UTA,10,0,30,1,5,.200,0,4,.000,1,1,1.000,.200,0,1,.000,0,4,4,3,0,0,1,4,2,-2.3,.184,.800,.200,0.0,13.8,7.3,12.3,0.0,0.0,15.5,9.3,0.0,-0.1,0.0,-0.1,-0.083,0.0,-10.1,-1.6,-11.7,-0.1
Cedi Osman,SF,26,CLE,19,0,424,76,165,.461,46,113,.407,30,52,.577,.600,20,28,.714,6,48,54,33,17,5,17,30,218,16.7,.615,.685,.170,1.6,12.1,6.9,12.5,2.0,1.0,8.7,20.0,0.0,0.8,0.6,1.4,.156,0.0,2.7,1.0,3.7,0.6
Kelly Oubre Jr.,SF,26,CHO,26,7,738,160,343,.466,76,193,.394,84,150,.560,.577,34,53,.642,31,71,102,28,26,8,24,64,430,16.6,.587,.563,.155,4.3,10.6,7.3,5.7,1.7,1.0,6.1,22.3,0.0,1.3,0.2,1.4,.092,0.0,1.7,-2.2,-0.6,0.3
Kevin Pangos,PG,29,CLE,8,0,24,1,3,.333,1,2,.500,0,1,.000,.500,1,2,.500,1,0,1,3,1,0,3,2,4,3.1,.515,.667,.667,4.6,0.0,2.3,16.4,2.1,0.0,43.6,12.5,0.0,0.0,0.0,0.0,-0.038,0.0,-4.1,-0.3,-4.3,0.0
Jabari Parker,PF,26,BOS,8,0,79,13,24,.542,5,9,.556,8,15,.533,.646,6,6,1.000,3,14,17,4,3,1,5,11,37,16.6,.694,.375,.250,4.0,19.1,11.5,8.0,1.9,1.2,15.8,17.6,0.0,0.2,0.1,0.3,.163,0.0,-0.4,0.9,0.6,0.1
Eric Paschall,PF,25,UTA,19,0,230,24,57,.421,10,36,.278,14,21,.667,.509,12,17,.706,13,25,38,14,2,3,10,16,70,9.9,.543,.632,.298,6.6,11.3,9.0,8.2,0.4,1.1,13.4,14.1,0.0,0.2,0.2,0.4,.084,0.0,-1.3,-0.9,-2.3,0.0
Chris Paul,PG,36,PHO,24,24,778,125,260,.481,25,73,.342,100,187,.535,.529,75,91,.824,6,89,95,243,48,7,58,48,350,21.3,.583,.281,.350,0.8,11.7,6.4,43.5,2.9,0.8,16.2,19.9,0.0,2.3,1.3,3.5,.219,0.0,2.7,1.5,4.1,1.2
Cameron Payne,PG,27,PHO,19,0,346,65,171,.380,21,66,.318,44,105,.419,.442,33,40,.825,7,47,54,56,11,6,32,33,184,12.8,.488,.386,.234,2.2,13.9,8.2,23.4,1.5,1.5,14.5,27.6,0.0,-0.2,0.5,0.3,.037,0.0,-2.0,-0.6,-2.6,-0.1
Elfrid Payton,PG,27,PHO,10,0,117,20,43,.465,0,1,.000,20,42,.476,.465,4,8,.500,6,17,23,22,5,0,8,9,44,13.6,.473,.023,.186,5.6,14.8,10.3,26.5,2.0,0.0,14.7,20.2,0.0,0.0,0.2,0.2,.080,0.0,-2.5,-0.5,-3.0,0.0
Gary Payton II,PG,29,GSW,23,1,339,63,93,.677,13,32,.406,50,61,.820,.747,19,29,.655,25,50,75,18,31,3,12,40,158,21.9,.747,.344,.312,8.4,15.3,12.0,7.9,4.4,0.9,10.2,14.9,0.0,1.1,0.9,2.0,.282,0.0,1.7,4.2,5.9,0.7
Jamorko Pickett,PF,24,DET,3,0,9,1,1,1.000,1,1,1.000,0,0,0.0,1.500,0,0,0.0,0,0,0,0,0,0,1,0,3,8.5,1.500,1.000,.000,0.0,0.0,0.0,0.0,0.0,0.0,50.0,9.5,0.0,0.0,0.0,0.0,-0.029,0.0,-0.6,-3.2,-3.8,0.0
Mason Plumlee,C,31,CHO,20,20,523,59,99,.596,0,0,0.0,59,99,.596,.596,18,52,.346,51,94,145,55,17,20,24,60,136,14.2,.558,.000,.525,9.9,19.7,14.6,13.7,1.5,3.6,16.5,11.8,0.0,0.8,0.3,1.1,.102,0.0,-1.3,0.7,-0.6,0.2
Jakob Poeltl,C,26,SAS,16,15,467,93,151,.616,0,0,0.0,93,151,.616,.616,11,34,.324,67,82,149,38,8,26,23,46,197,19.9,.594,.000,.225,15.0,18.7,16.8,11.8,0.8,5.0,12.2,17.3,0.0,1.0,0.6,1.6,.161,0.0,0.3,-0.6,-0.2,0.2
Aleksej Pokusevski,PF,20,OKC,23,0,336,44,128,.344,10,55,.182,34,73,.466,.383,5,10,.500,24,71,95,28,9,11,28,26,103,7.7,.389,.430,.078,7.1,22.0,14.4,13.3,1.3,3.1,17.5,20.6,0.0,-0.9,0.4,-0.5,-0.070,0.0,-5.4,-1.2,-6.6,-0.4
Yves Pons,SF,22,MEM,2,0,4,0,1,.000,0,0,0.0,0,1,.000,.000,0,0,0.0,1,0,1,0,0,0,0,0,0,0.0,.000,.000,.000,26.3,0.0,13.3,0.0,0.0,0.0,0.0,10.5,0.0,0.0,0.0,0.0,-0.143,0.0,-5.3,-3.8,-9.1,0.0
Jordan Poole,SG,22,GSW,24,24,726,155,343,.452,67,190,.353,88,153,.575,.550,53,58,.914,8,69,77,85,25,5,60,70,430,15.0,.583,.554,.169,1.3,9.9,5.8,18.1,1.7,0.7,14.0,25.4,0.0,0.8,1.2,2.0,.131,0.0,-0.4,-0.6,-1.0,0.2
Kevin Porter Jr.,PG,21,HOU,19,19,574,83,232,.358,34,110,.309,49,122,.402,.431,44,70,.629,16,68,84,110,25,6,76,43,244,9.6,.464,.474,.302,3.0,12.4,7.8,29.8,2.1,1.0,22.4,24.9,0.0,-1.0,0.5,-0.5,-0.043,0.0,-3.5,-2.0,-5.4,-0.5
Michael Porter Jr.,SF,23,DEN,9,9,265,37,103,.359,10,48,.208,27,55,.491,.408,5,9,.556,9,50,59,17,10,2,12,16,89,8.3,.416,.466,.087,3.8,20.8,12.3,9.3,1.9,0.7,10.1,20.2,0.0,-0.4,0.3,-0.1,-0.023,0.0,-4.3,-1.0,-5.3,-0.2
Otto Porter,PF,28,GSW,21,0,400,52,116,.448,34,83,.410,18,33,.545,.595,12,16,.750,16,81,97,24,19,7,13,30,150,14.9,.610,.716,.138,4.6,21.0,13.2,8.2,2.3,1.7,9.6,14.6,0.0,0.6,0.9,1.5,.183,0.0,0.9,1.3,2.2,0.4
Bobby Portis,C,26,MIL,20,16,563,114,243,.469,37,91,.407,77,152,.507,.545,35,43,.814,54,130,184,29,15,19,32,54,300,19.1,.573,.374,.177,10.2,23.2,16.9,8.2,1.3,3.2,10.9,22.4,0.0,1.0,0.9,1.9,.162,0.0,1.2,-0.5,0.6,0.4
Kristaps Porziņģis,PF,26,DAL,16,16,486,113,250,.452,26,88,.295,87,162,.537,.504,60,68,.882,37,95,132,34,14,26,23,36,312,23.3,.557,.352,.272,7.8,22.2,14.6,12.3,1.4,4.7,7.6,27.7,0.0,1.0,0.7,1.7,.167,0.0,3.1,-0.6,2.5,0.5
Dwight Powell,C,30,DAL,23,20,459,54,91,.593,7,19,.368,47,72,.653,.632,28,40,.700,45,59,104,26,12,13,15,55,143,15.7,.658,.209,.440,10.0,14.6,12.2,8.3,1.3,2.5,12.1,12.0,0.0,1.2,0.4,1.6,.168,0.0,-0.7,-0.2,-0.8,0.1
Norman Powell,SF,28,POR,21,21,624,121,255,.475,40,96,.417,81,159,.509,.553,75,91,.824,7,46,53,34,17,8,24,42,357,16.9,.605,.376,.357,1.2,8.3,4.7,8.5,1.3,1.2,7.5,22.2,0.0,1.4,0.1,1.5,.114,0.0,1.5,-1.9,-0.5,0.2
Joshua Primo,SG,19,SAS,7,0,59,6,11,.545,4,8,.500,2,3,.667,.727,0,0,0.0,1,5,6,4,3,4,0,4,16,15.8,.727,.727,.000,1.8,9.0,5.4,8.6,2.4,6.0,0.0,8.0,0.0,0.1,0.1,0.2,.181,0.0,1.5,2.8,4.3,0.1
Taurean Prince,PF,27,MIN,22,6,338,32,89,.360,17,61,.279,15,28,.536,.455,12,17,.706,11,34,45,17,10,5,11,33,93,7.5,.482,.685,.191,3.2,10.9,6.9,7.0,1.4,1.4,10.2,13.2,0.0,0.0,0.3,0.3,.048,0.0,-3.5,-0.5,-4.0,-0.2
Payton Pritchard,SG,24,BOS,20,0,188,18,65,.277,14,45,.311,4,20,.200,.385,5,5,1.000,6,17,23,28,1,2,13,15,55,5.6,.409,.692,.077,3.4,9.8,6.6,21.2,0.3,1.0,16.2,18.8,0.0,-0.2,0.1,-0.1,-0.034,0.0,-3.9,-2.9,-6.8,-0.2
Immanuel Quickley,PG,22,NYK,24,1,504,76,195,.390,41,118,.347,35,77,.455,.495,39,42,.929,11,45,56,58,14,0,23,46,232,13.5,.543,.605,.215,2.3,9.5,5.9,17.7,1.4,0.0,9.7,20.6,0.0,0.8,0.2,1.0,.094,0.0,-0.7,-1.2,-1.9,0.0
Jahmi'us Ramsey,SG,20,SAC,7,0,46,5,14,.357,1,6,.167,4,8,.500,.393,2,4,.500,0,0,0,2,0,1,0,3,13,4.3,.412,.429,.286,0.0,0.0,0.0,6.0,0.0,1.8,0.0,14.6,0.0,0.0,0.0,0.0,-0.036,0.0,-4.5,-4.1,-8.6,-0.1
Julius Randle,PF,27,NYK,24,24,849,174,401,.434,42,126,.333,132,275,.480,.486,87,116,.750,44,194,238,129,16,17,77,67,477,18.0,.528,.314,.289,5.5,24.3,14.9,25.5,0.9,1.9,14.6,27.3,0.0,0.9,0.8,1.7,.095,0.0,1.5,-0.3,1.3,0.7
Austin Reaves,SG,23,LAL,14,0,250,24,51,.471,9,30,.300,15,21,.714,.559,9,11,.818,4,22,26,13,3,2,10,24,66,7.1,.591,.588,.216,1.7,9.2,5.5,6.9,0.6,0.7,15.2,11.2,0.0,0.1,0.1,0.3,.049,0.0,-4.0,-1.8,-5.8,-0.2
Cam Reddish,SF,22,ATL,21,0,472,83,201,.413,34,89,.382,49,112,.438,.498,41,46,.891,18,41,59,19,23,4,28,30,241,14.0,.545,.443,.229,4.2,9.1,6.7,5.9,2.4,0.8,11.2,23.1,0.0,0.3,0.3,0.6,.060,0.0,-0.6,-1.3,-1.9,0.0
Davon Reed,SG,26,DEN,2,0,37,3,5,.600,3,3,1.000,0,2,.000,.900,0,0,0.0,1,4,5,5,3,1,1,2,9,18.5,.900,.600,.000,3.0,11.9,7.5,18.1,4.1,2.5,16.7,7.3,0.0,0.1,0.1,0.2,.227,0.0,1.5,4.7,6.2,0.1
Paul Reed,C,22,PHI,14,2,137,18,35,.514,0,3,.000,18,32,.563,.514,0,0,0.0,16,22,38,8,9,9,6,21,36,15.9,.514,.086,.000,12.8,17.5,15.2,8.6,3.3,5.9,14.6,13.5,0.0,0.1,0.2,0.4,.128,0.0,-2.4,0.7,-1.7,0.0
Naz Reid,C,22,MIN,22,1,366,76,153,.497,20,54,.370,56,99,.566,.562,31,44,.705,29,51,80,16,12,21,17,55,203,19.1,.589,.353,.288,7.9,15.2,11.3,7.3,1.6,5.5,9.0,21.5,0.0,0.8,0.5,1.3,.167,0.0,0.9,0.4,1.3,0.3
Nick Richards,C,24,CHO,21,3,188,31,44,.705,0,0,0.0,31,44,.705,.705,13,16,.813,21,24,45,6,4,13,12,30,75,17.6,.735,.000,.364,11.4,14.0,12.6,4.5,1.0,6.5,19.0,14.2,0.0,0.5,0.1,0.6,.147,0.0,-1.5,-0.4,-2.0,0.0
Josh Richardson,SG,28,BOS,19,0,458,66,142,.465,20,59,.339,46,83,.554,.535,24,30,.800,10,41,51,25,11,9,13,36,176,12.3,.567,.415,.211,2.3,9.7,6.0,8.3,1.2,1.9,7.7,16.2,0.0,0.5,0.4,0.9,.098,0.0,-1.1,-0.5,-1.6,0.1
Austin Rivers,SG,29,DEN,18,3,314,27,78,.346,13,48,.271,14,30,.467,.429,3,6,.500,7,19,26,14,9,2,10,22,70,4.7,.434,.615,.077,2.5,6.7,4.6,6.0,1.4,0.6,11.0,13.0,0.0,-0.3,0.2,-0.1,-0.013,0.0,-5.3,-0.9,-6.3,-0.3
Duncan Robinson,SG,27,MIA,25,25,704,95,258,.368,72,217,.332,23,41,.561,.508,11,15,.733,8,79,87,35,20,6,21,71,273,9.2,.516,.841,.058,1.3,12.4,6.9,7.4,1.4,0.9,7.4,18.0,0.0,0.2,0.7,0.8,.057,0.0,-1.2,-0.3,-1.5,0.1
Justin Robinson,PG,24,MIL,17,0,198,18,57,.316,10,37,.270,8,20,.400,.404,2,2,1.000,2,11,13,21,8,0,11,17,48,4.7,.415,.649,.035,1.1,5.6,3.4,14.3,2.0,0.0,16.0,14.9,0.0,-0.2,0.2,0.0,-0.011,0.0,-5.6,-1.8,-7.5,-0.3
Mitchell Robinson,C,23,NYK,21,20,531,60,80,.750,0,0,0.0,60,80,.750,.750,28,46,.609,69,99,168,15,10,37,13,57,148,18.7,.738,.000,.575,13.8,19.8,16.8,4.1,0.9,6.6,11.5,9.3,0.0,1.6,0.6,2.3,.205,0.0,0.1,0.2,0.3,0.3
Jeremiah Robinson-Earl,C,21,OKC,23,16,504,61,146,.418,24,71,.338,37,75,.493,.500,11,17,.647,40,94,134,20,13,7,20,33,157,11.6,.511,.486,.116,7.9,19.4,13.5,6.2,1.3,1.3,11.5,14.8,0.0,0.2,0.5,0.6,.059,0.0,-1.9,-1.4,-3.3,-0.2
Isaiah Roby,PF,23,OKC,12,1,160,31,59,.525,5,15,.333,26,44,.591,.568,14,17,.824,12,21,33,10,3,5,8,15,81,18.5,.609,.254,.288,7.5,13.6,10.5,11.1,0.9,3.0,10.7,20.1,0.0,0.3,0.1,0.5,.139,0.0,0.6,-1.2,-0.6,0.1
Rajon Rondo,PG,35,LAL,14,0,208,20,63,.317,7,25,.280,13,38,.342,.373,0,0,0.0,8,26,34,50,11,3,23,20,47,7.8,.373,.397,.000,4.1,13.0,8.6,31.7,2.5,1.3,26.7,17.6,0.0,-0.4,0.2,-0.1,-0.032,0.0,-4.5,-0.7,-5.2,-0.2
Derrick Rose,PG,33,NYK,21,1,496,100,220,.455,31,76,.408,69,144,.479,.525,28,29,.966,16,44,60,78,18,12,32,13,259,19.0,.556,.345,.132,3.4,9.4,6.4,26.3,1.8,2.3,12.1,23.4,0.0,0.9,0.3,1.3,.122,0.0,3.1,-0.7,2.3,0.5
Terrence Ross,SG,30,ORL,24,0,589,83,212,.392,32,108,.296,51,104,.490,.467,40,50,.800,6,46,52,47,12,4,37,28,238,9.0,.509,.509,.236,1.1,8.3,4.7,12.7,1.0,0.6,13.7,19.8,0.0,-0.3,0.1,-0.2,-0.013,0.0,-2.7,-2.7,-5.4,-0.5
Terry Rozier,SG,27,CHO,19,19,626,124,289,.429,49,140,.350,75,149,.503,.514,40,46,.870,12,55,67,68,25,10,26,26,337,16.4,.545,.484,.159,2.0,9.6,5.7,15.9,1.9,1.5,7.8,22.6,0.0,0.9,0.2,1.0,.079,0.0,1.5,-1.1,0.4,0.4
Ricky Rubio,PG,31,CLE,25,5,729,111,309,.359,47,135,.348,64,174,.368,.435,64,76,.842,11,90,101,155,29,4,68,55,333,13.2,.486,.437,.246,1.7,13.2,7.5,32.7,2.0,0.5,16.6,24.6,0.0,0.0,1.0,1.0,.066,0.0,-0.8,-0.5,-1.3,0.1
D'Angelo Russell,PG,25,MIN,21,21,686,138,361,.382,60,186,.323,78,175,.446,.465,63,76,.829,10,71,81,135,18,16,56,46,399,16.0,.506,.515,.211,1.4,11.3,6.1,32.4,1.3,2.2,12.4,27.3,0.0,0.7,0.6,1.3,.093,0.0,2.0,-1.0,1.0,0.5
Domantas Sabonis,C,25,IND,26,25,886,178,311,.572,19,68,.279,159,243,.654,.603,89,117,.761,83,229,312,106,30,9,82,88,464,21.7,.640,.219,.376,10.4,27.9,19.3,18.8,1.7,0.9,18.4,21.8,0.0,2.2,1.2,3.4,.186,0.0,2.6,0.7,3.3,1.2
Tomáš Satoranský,SG,30,NOP,21,3,322,22,65,.338,3,14,.214,19,51,.373,.362,12,16,.750,13,31,44,43,7,0,15,27,59,6.4,.409,.215,.246,4.2,10.8,7.4,18.4,1.1,0.0,17.2,11.5,0.0,-0.1,0.0,-0.1,-0.008,0.0,-5.3,-1.5,-6.8,-0.4
Dennis Schröder,SG,28,BOS,24,15,798,150,340,.441,39,112,.348,111,228,.487,.499,82,92,.891,16,71,87,117,23,1,63,55,421,15.4,.553,.329,.271,2.1,9.6,5.8,24.0,1.4,0.1,14.2,24.4,0.0,0.9,0.6,1.5,.091,0.0,-0.3,-1.7,-2.0,0.0
Jay Scrubb,SG,21,LAC,7,0,48,11,26,.423,4,12,.333,7,14,.500,.500,1,2,.500,0,4,4,4,1,2,1,3,27,14.7,.502,.462,.077,0.0,8.6,4.4,14.3,1.0,3.6,3.6,25.3,0.0,0.0,0.1,0.1,.071,0.0,-1.6,-1.8,-3.3,0.0
Wayne Selden,SG,27,NYK,1,0,1,0,0,0.0,0,0,0.0,0,0,0.0,0.0,0,0,0.0,0,0,0,0,0,0,0,0,0,0.0,0.0,0.0,0.0,0.0,0.0,0.0,0.0,0.0,0.0,0.0,0.0,0.0,0.0,0.0,0.0,-0.015,0.0,-8.5,-3.0,-11.6,0.0
Alperen Şengün,C,19,HOU,22,2,395,63,129,.488,10,27,.370,53,102,.520,.527,54,77,.701,31,69,100,58,25,14,40,66,190,18.3,.583,.209,.597,8.4,18.3,13.4,23.4,3.0,3.3,19.7,21.7,0.0,0.5,0.6,1.2,.141,0.0,-0.5,2.1,1.6,0.4
Collin Sexton,SG,23,CLE,11,11,316,68,151,.450,11,45,.244,57,106,.538,.487,29,39,.744,13,23,36,23,10,0,31,25,176,11.9,.523,.298,.258,4.5,7.8,6.2,12.4,1.6,0.0,15.6,27.5,0.0,-0.2,0.3,0.1,.014,0.0,-3.0,-2.0,-5.1,-0.2
Landry Shamet,SG,24,PHO,23,3,455,56,149,.376,42,104,.404,14,45,.311,.517,25,30,.833,5,52,57,39,6,2,12,26,179,11.2,.552,.698,.201,1.2,11.7,6.6,11.3,0.6,0.4,6.9,16.6,0.0,0.5,0.5,1.0,.103,0.0,0.0,-1.1,-1.0,0.1
Day'Ron Sharpe,PF,20,BRK,8,0,36,9,17,.529,1,3,.333,8,14,.571,.559,2,5,.400,8,9,17,0,2,2,6,4,21,19.3,.547,.176,.294,24.6,25.2,24.9,0.0,2.7,4.9,23.8,30.9,0.0,-0.1,0.1,0.0,.033,0.0,-2.6,-2.0,-4.6,0.0
Pascal Siakam,PF,27,TOR,13,13,434,92,197,.467,16,48,.333,76,149,.510,.508,48,63,.762,25,67,92,48,9,11,28,45,248,19.0,.552,.244,.320,5.9,17.8,11.5,18.1,1.0,2.5,11.1,25.0,0.0,0.9,0.3,1.2,.132,0.0,2.1,-0.7,1.4,0.4
Marko Simonovic,C,22,CHI,2,0,8,0,1,.000,0,1,.000,0,0,0.0,.000,1,2,.500,0,1,1,0,0,0,1,0,1,-7.0,.266,1.000,2.000,0.0,13.5,6.8,0.0,0.0,0.0,34.7,15.8,0.0,0.0,0.0,0.0,-0.248,0.0,-13.7,-4.2,-17.9,0.0
Anfernee Simons,SG,22,POR,22,3,505,100,218,.459,45,118,.381,55,100,.550,.562,18,19,.947,11,47,58,48,10,4,25,35,263,15.3,.581,.541,.087,2.4,10.4,6.3,15.0,1.0,0.7,9.9,21.6,0.0,0.8,0.0,0.8,.079,0.0,1.3,-2.0,-0.7,0.2
Jericho Sims,PF,23,NYK,8,0,54,3,3,1.000,0,0,0.0,3,3,1.000,1.000,3,4,.750,2,12,14,0,2,3,2,4,9,11.9,.945,.000,1.333,3.9,23.6,13.8,0.0,1.8,5.2,29.6,5.5,0.0,0.1,0.1,0.1,.123,0.0,-3.0,3.0,-0.1,0.0
Javonte Smart,PG,22,MIL,2,0,38,5,10,.500,1,4,.250,4,6,.667,.550,3,4,.750,3,4,7,4,0,0,2,3,14,13.3,.595,.400,.400,8.4,10.6,9.5,15.0,0.0,0.0,14.5,15.5,0.0,0.1,0.0,0.1,.131,0.0,-2.2,-0.5,-2.7,0.0
Marcus Smart,PG,27,BOS,24,24,825,93,235,.396,34,114,.298,59,121,.488,.468,47,61,.770,13,78,91,133,51,7,47,56,267,13.0,.510,.485,.260,1.7,10.2,5.9,23.5,3.1,0.8,15.2,16.5,0.0,0.5,1.1,1.6,.091,0.0,-2.1,1.5,-0.7,0.3
Dennis Smith Jr.,PG,24,POR,14,2,232,29,71,.408,5,16,.313,24,55,.436,.444,17,25,.680,5,25,30,45,20,4,23,18,80,13.7,.488,.225,.352,2.3,12.1,7.1,27.4,4.2,1.6,21.9,19.7,0.0,-0.1,0.2,0.2,.034,0.0,-2.6,1.3,-1.3,0.0
Ish Smith,PG,33,CHO,18,1,245,40,96,.417,3,6,.500,37,90,.411,.432,3,8,.375,2,21,23,44,8,4,16,13,86,9.6,.432,.063,.083,0.8,9.4,5.0,25.1,1.6,1.5,13.9,19.9,0.0,-0.2,0.0,-0.2,-0.036,0.0,-3.8,-2.3,-6.1,-0.3
Jalen Smith,PF,21,PHO,7,0,36,7,14,.500,0,2,.000,7,12,.583,.500,6,7,.857,4,11,15,0,1,1,1,3,20,21.8,.585,.143,.500,12.0,31.2,21.9,0.0,1.3,2.4,5.5,21.7,0.0,0.1,0.1,0.2,.230,0.0,1.2,-1.2,0.0,0.0
Tony Snell,SG,30,POR,19,3,230,13,40,.325,9,31,.290,4,9,.444,.438,1,1,1.000,2,26,28,12,4,3,4,17,36,4.7,.445,.775,.025,0.9,12.7,6.7,6.7,0.9,1.2,9.0,8.4,0.0,0.0,0.0,0.0,-0.001,0.0,-4.0,-0.8,-4.8,-0.2
Jaden Springer,SG,19,PHI,1,0,2,0,0,0.0,0,0,0.0,0,0,0.0,0.0,0,0,0.0,0,0,0,0,0,0,0,0,0,0.0,0.0,0.0,0.0,0.0,0.0,0.0,0.0,0.0,0.0,0.0,0.0,0.0,0.0,0.0,0.0,-0.012,0.0,-5.9,-4.5,-10.4,0.0
Lamar Stevens,PF,24,CLE,15,0,158,17,46,.370,6,16,.375,11,30,.367,.435,4,7,.571,10,14,24,4,4,4,6,18,44,6.8,.448,.348,.152,7.0,9.5,8.2,3.6,1.3,2.2,10.9,15.2,0.0,-0.1,0.2,0.1,.027,0.0,-4.6,-0.2,-4.8,-0.1
Isaiah Stewart,C,20,DET,21,21,531,70,128,.547,1,11,.091,69,117,.590,.551,16,23,.696,52,116,168,23,8,26,22,52,157,14.2,.568,.086,.180,9.8,25.7,17.1,7.1,0.7,4.4,13.7,12.9,0.0,0.6,0.6,1.1,.100,0.0,-2.7,-0.5,-3.2,-0.2
Max Strus,SF,25,MIA,18,0,364,52,116,.448,34,84,.405,18,32,.563,.595,11,16,.688,5,50,55,15,8,2,12,25,149,12.2,.605,.724,.138,1.6,15.2,8.5,6.2,1.1,0.6,8.9,16.4,0.0,0.4,0.3,0.8,.103,0.0,0.3,-0.1,0.2,0.2
Jalen Suggs,PG,20,ORL,21,21,583,87,257,.339,26,102,.255,61,155,.394,.389,58,76,.763,16,55,71,75,24,9,67,58,258,7.7,.444,.397,.296,2.9,10.0,6.4,20.8,2.0,1.4,18.7,26.4,0.0,-1.4,0.4,-1.1,-0.088,0.0,-4.7,-2.0,-6.8,-0.7
Jae'Sean Tate,SF,26,HOU,23,23,649,113,225,.502,17,62,.274,96,163,.589,.540,43,55,.782,48,103,151,63,18,16,46,76,286,15.2,.574,.276,.244,7.9,16.6,12.3,15.8,1.3,2.3,15.6,19.2,0.0,0.8,0.6,1.4,.102,0.0,-1.1,-0.3,-1.4,0.1
Jayson Tatum,SF,23,BOS,25,25,909,224,542,.413,70,209,.335,154,333,.462,.478,120,146,.822,28,191,219,92,22,19,65,61,638,19.4,.526,.386,.269,3.3,22.7,12.9,18.3,1.2,2.0,9.7,32.5,0.0,0.8,1.2,1.9,.101,0.0,2.2,-0.9,1.3,0.8
Garrett Temple,SG,35,NOP,24,9,458,45,116,.388,25,69,.362,20,47,.426,.496,19,24,.792,17,51,68,26,23,14,20,43,134,10.7,.529,.595,.207,3.9,12.5,8.0,8.2,2.5,2.9,13.6,13.7,0.0,0.2,0.3,0.5,.053,0.0,-2.4,0.2,-2.3,0.0
Daniel Theis,C,29,HOU,17,15,388,54,110,.491,16,51,.314,38,59,.644,.564,18,24,.750,18,64,82,14,7,9,21,42,142,11.0,.589,.464,.218,5.0,17.3,11.2,5.6,0.9,2.2,14.8,15.4,0.0,0.2,0.3,0.5,.067,0.0,-2.2,-1.0,-3.2,-0.1
Brodric Thomas,SG,25,BOS,2,0,2,0,0,0.0,0,0,0.0,0,0,0.0,0.0,0,0,0.0,1,0,1,0,0,0,1,0,0,-6.0,0.0,0.0,0.0,53.2,0.0,26.8,0.0,0.0,0.0,100.0,22.0,0.0,0.0,0.0,0.0,-0.423,0.0,-9.6,-11.2,-20.7,0.0
Cameron Thomas,SG,20,BRK,17,0,188,26,73,.356,5,31,.161,21,42,.500,.390,11,15,.733,3,20,23,12,6,3,4,6,68,8.9,.427,.425,.205,1.8,10.7,6.4,9.2,1.5,1.4,4.8,19.6,0.0,-0.2,0.2,0.0,.006,0.0,-3.7,-0.9,-4.6,-0.1
Matt Thomas,SG,27,CHI,8,0,49,5,19,.263,2,9,.222,3,10,.300,.316,0,0,0.0,0,5,5,0,2,1,0,3,12,1.9,.316,.474,.000,0.0,11.0,5.6,0.0,2.0,1.8,0.0,17.0,0.0,-0.1,0.1,-0.1,-0.082,0.0,-7.6,-0.6,-8.2,-0.1
Tristan Thompson,PF,30,SAC,16,0,221,36,69,.522,0,0,0.0,36,69,.522,.522,19,34,.559,38,49,87,10,5,6,11,27,91,18.1,.542,.000,.493,18.1,23.2,20.6,6.8,1.1,2.3,11.6,18.2,0.0,0.4,0.2,0.6,.138,0.0,0.0,-1.4,-1.3,0.0
JT Thor,PF,19,CHO,4,0,35,3,8,.375,1,5,.200,2,3,.667,.438,1,2,.500,0,4,4,2,0,1,0,4,8,5.6,.450,.625,.250,0.0,12.5,6.0,7.2,0.0,2.7,0.0,10.7,0.0,0.0,0.0,0.0,.007,0.0,-5.0,-2.2,-7.2,0.0
Matisse Thybulle,SG,24,PHI,17,5,427,40,77,.519,11,37,.297,29,40,.725,.591,6,6,1.000,9,34,43,19,33,22,17,37,97,12.2,.609,.481,.078,2.3,8.7,5.5,6.2,3.9,4.6,17.6,10.2,0.0,0.2,0.6,0.8,.093,0.0,-2.0,3.0,1.0,0.3
Killian Tillie,C,23,MEM,10,0,77,8,23,.348,4,13,.308,4,10,.400,.435,1,2,.500,5,3,8,2,4,5,3,9,21,8.6,.440,.565,.087,6.8,4.2,5.5,3.4,2.5,5.9,11.2,14.6,0.0,0.0,0.1,0.0,.016,0.0,-4.4,-1.7,-6.1,-0.1
Xavier Tillman Sr.,PF,23,MEM,17,0,237,31,72,.431,4,21,.190,27,51,.529,.458,13,17,.765,19,33,52,23,19,7,11,16,79,16.1,.497,.292,.236,8.4,15.0,11.7,13.2,3.9,2.7,12.2,16.0,0.0,0.2,0.3,0.5,.107,0.0,-0.2,0.9,0.8,0.2
Isaiah Todd,PF,20,WAS,4,0,11,2,6,.333,2,3,.667,0,3,.000,.500,1,2,.500,1,1,2,0,2,1,1,1,7,23.1,.509,.500,.333,10.3,9.4,9.8,0.0,9.1,7.4,12.7,32.1,0.0,0.0,0.0,0.0,.094,0.0,1.9,8.5,10.4,0.0
Obi Toppin,PF,23,NYK,24,0,369,76,143,.531,7,38,.184,69,105,.657,.556,35,46,.761,28,61,89,23,9,15,22,36,194,19.5,.594,.266,.322,8.0,17.6,12.8,10.5,1.2,3.8,11.9,22.0,0.0,0.7,0.4,1.1,.144,0.0,0.7,-0.1,0.6,0.2
Juan Toscano-Anderson,SF,28,GSW,23,1,378,48,88,.545,9,31,.290,39,57,.684,.597,16,24,.667,12,52,64,51,15,10,26,34,121,13.3,.614,.352,.273,3.6,14.3,9.2,18.4,1.9,2.6,20.9,14.2,0.0,0.5,0.8,1.2,.154,0.0,-1.2,2.1,0.8,0.3
Karl-Anthony Towns,C,26,MIN,23,23,795,199,394,.505,61,135,.452,138,259,.533,.582,99,122,.811,67,148,215,75,25,24,78,84,558,23.3,.623,.343,.310,8.4,20.2,14.0,16.9,1.5,2.9,14.8,27.5,0.0,2.1,1.1,3.2,.194,0.0,4.6,0.0,4.6,1.3
Gary Trent Jr.,SG,23,TOR,22,21,753,132,318,.415,57,157,.363,75,161,.466,.505,39,42,.929,11,62,73,39,44,8,20,47,360,15.1,.535,.494,.132,1.5,9.5,5.3,8.0,2.9,1.0,5.6,20.3,0.0,1.1,0.7,1.7,.111,0.0,-0.2,0.5,0.3,0.4
P.J. Tucker,PF,36,MIA,25,25,684,63,128,.492,25,60,.417,38,68,.559,.590,11,13,.846,40,95,135,42,17,7,20,62,162,10.9,.606,.469,.102,6.7,15.4,11.1,8.6,1.2,1.1,13.0,10.0,0.0,1.0,0.7,1.7,.116,0.0,-0.8,0.9,0.2,0.4
Myles Turner,C,25,IND,25,25,725,113,215,.526,45,114,.395,68,101,.673,.630,43,61,.705,38,149,187,25,14,71,34,63,314,19.0,.649,.530,.284,5.8,22.2,14.1,5.1,1.0,8.4,12.3,16.6,0.0,1.4,1.2,2.6,.170,0.0,1.4,1.2,2.7,0.8
Jonas Valančiūnas,C,29,NOP,26,26,807,183,358,.511,30,65,.462,153,293,.522,.553,86,104,.827,87,225,312,63,16,23,53,83,482,22.8,.597,.182,.291,11.2,31.2,20.8,13.8,1.0,2.7,11.6,24.2,0.0,2.1,0.7,2.8,.166,0.0,2.9,-0.9,2.1,0.8
Denzel Valentine,SG,28,CLE,15,0,97,10,36,.278,7,23,.304,3,13,.231,.375,0,0,0.0,6,11,17,3,5,0,6,9,27,3.8,.375,.639,.000,6.8,12.2,9.5,4.4,2.6,0.0,14.3,18.9,0.0,-0.2,0.1,-0.1,-0.054,0.0,-5.8,-0.4,-6.2,-0.1
Jarred Vanderbilt,PF,22,MIN,23,16,530,55,102,.539,0,7,.000,55,95,.579,.539,24,29,.828,73,121,194,27,30,18,24,66,134,16.2,.584,.069,.284,13.7,24.8,19.0,7.2,2.7,3.2,17.3,10.9,0.0,0.9,1.0,1.9,.168,0.0,-1.4,1.3,-0.1,0.3
Fred VanVleet,PG,27,TOR,23,23,876,163,369,.442,72,184,.391,91,185,.492,.539,58,67,.866,17,97,114,141,34,14,74,62,456,17.4,.572,.499,.182,2.0,12.8,7.1,25.3,1.9,1.6,15.7,23.1,0.0,1.5,0.7,2.1,.117,0.0,2.3,-0.2,2.0,0.9
Devin Vassell,SF,21,SAS,18,0,450,80,171,.468,33,85,.388,47,86,.547,.564,16,22,.727,9,57,66,25,21,12,13,36,209,15.3,.578,.497,.129,2.1,13.5,7.7,7.8,2.2,2.4,6.7,18.4,0.0,0.5,0.5,1.1,.114,0.0,0.0,0.0,0.1,0.2
Gabe Vincent,PG,25,MIA,22,1,381,52,118,.441,27,72,.375,25,46,.543,.555,13,16,.813,11,24,35,49,14,2,26,44,144,11.7,.576,.610,.136,3.3,7.0,5.2,19.1,1.8,0.6,17.2,17.6,0.0,0.4,0.3,0.7,.089,0.0,-1.6,-0.1,-1.7,0.0
Nikola Vučević,C,31,CHI,18,18,599,113,269,.420,30,83,.361,83,186,.446,.476,19,30,.633,30,160,190,69,18,18,29,42,275,16.3,.487,.309,.112,5.5,28.9,17.3,17.3,1.5,2.6,9.3,22.8,0.0,0.2,1.1,1.2,.100,0.0,0.4,0.0,0.4,0.4
Dean Wade,PF,25,CLE,16,11,358,29,72,.403,14,47,.298,15,25,.600,.500,5,6,.833,12,40,52,21,11,1,5,32,77,8.3,.516,.653,.083,3.7,12.0,7.9,8.1,1.5,0.2,6.3,9.7,0.0,0.3,0.4,0.7,.095,0.0,-2.6,1.0,-1.6,0.0
Franz Wagner,SF,20,ORL,25,25,790,132,300,.440,35,96,.365,97,204,.475,.498,42,53,.792,34,74,108,69,30,12,30,60,341,14.0,.527,.320,.177,4.5,9.9,7.2,14.5,1.8,1.4,8.5,19.2,0.0,0.7,0.4,1.2,.072,0.0,-0.3,-0.8,-1.1,0.2
Moritz Wagner,C,24,ORL,23,0,266,44,101,.436,23,65,.354,21,36,.583,.550,26,35,.743,10,46,56,17,3,5,18,45,137,13.1,.588,.644,.347,4.0,18.3,11.1,10.6,0.5,1.8,13.4,21.7,0.0,0.3,0.1,0.4,.074,0.0,-0.7,-1.4,-2.2,0.0
Ish Wainright,PF,27,PHO,6,0,27,1,7,.143,0,3,.000,1,4,.250,.143,0,2,.000,3,2,5,2,2,0,2,7,2,-3.7,.127,.429,.286,12.0,7.6,9.7,8.8,3.5,0.0,20.2,15.8,0.0,-0.1,0.0,-0.1,-0.156,0.0,-13.7,0.8,-12.9,-0.1
Kemba Walker,PG,31,NYK,18,18,441,76,177,.429,38,92,.413,38,85,.447,.537,20,25,.800,2,44,46,55,19,5,24,19,210,15.6,.559,.520,.141,0.5,10.6,5.5,19.9,2.1,1.1,11.3,21.1,0.0,0.6,0.3,0.9,.097,0.0,1.0,0.0,1.0,0.3
Lonnie Walker,SG,23,SAS,23,3,511,83,225,.369,34,119,.286,49,106,.462,.444,27,33,.818,3,63,66,58,16,8,30,30,227,10.4,.474,.529,.147,0.6,13.1,6.8,15.6,1.5,1.4,11.1,22.6,0.0,-0.4,0.5,0.0,.004,0.0,-2.5,-1.7,-4.2,-0.3
Brad Wanamaker,PG,32,IND,14,0,171,16,46,.348,4,14,.286,12,32,.375,.391,15,17,.882,4,18,22,32,2,5,15,25,51,8.5,.477,.304,.370,2.6,11.4,7.0,25.1,0.6,2.5,21.9,17.4,0.0,0.0,0.1,0.1,.026,0.0,-4.0,-1.1,-5.1,-0.1
Duane Washington Jr.,PG,21,IND,2,0,4,2,3,.667,1,2,.500,1,1,1.000,.833,0,0,0.0,0,1,1,0,0,0,0,0,5,45.7,.833,.667,.000,0.0,27.0,13.7,0.0,0.0,0.0,0.0,32.7,0.0,0.0,0.0,0.0,.350,0.0,9.2,-0.2,8.9,0.0
P.J. Washington,PF,23,CHO,14,3,351,54,116,.466,28,63,.444,26,53,.491,.586,16,23,.696,18,57,75,26,11,16,20,27,152,15.8,.603,.543,.198,5.2,17.8,11.3,10.2,1.5,4.3,13.7,17.6,0.0,0.5,0.2,0.7,.095,0.0,0.9,-0.9,0.0,0.2
Yuta Watanabe,SF,27,TOR,5,0,84,10,26,.385,7,17,.412,3,9,.333,.519,3,6,.500,5,9,14,3,3,2,1,8,30,12.9,.524,.654,.231,6.1,12.4,9.1,5.1,1.8,2.3,3.4,15.1,0.0,0.1,0.1,0.2,.112,0.0,0.6,0.6,1.3,0.1
Trendon Watford,SF,21,POR,5,0,24,5,11,.455,0,0,0.0,5,11,.455,.455,2,3,.667,1,2,3,3,1,1,1,1,12,17.4,.487,.000,.273,4.5,9.3,6.9,20.0,2.0,3.9,7.5,24.1,0.0,0.0,0.0,0.0,.066,0.0,-0.7,-1.5,-2.2,0.0
Paul Watson,SF,27,OKC,3,0,71,2,14,.143,2,12,.167,0,2,.000,.214,1,2,.500,2,9,11,3,0,3,2,4,7,0.6,.235,.857,.143,2.8,13.2,7.9,5.8,0.0,4.0,11.8,10.3,0.0,-0.2,0.0,-0.1,-0.091,0.0,-6.9,-3.4,-10.3,-0.1
Russell Westbrook,PG,33,LAL,25,25,905,190,422,.450,34,107,.318,156,315,.495,.491,96,139,.691,33,161,194,217,32,4,114,78,510,17.2,.528,.254,.329,3.9,18.6,11.3,37.2,1.7,0.4,19.1,28.1,0.0,0.5,0.9,1.4,.076,0.0,0.4,-0.8,-0.4,0.3
Coby White,PG,21,CHI,9,1,158,22,63,.349,7,31,.226,15,32,.469,.405,4,7,.571,1,22,23,12,1,1,8,15,55,4.6,.416,.492,.111,0.7,15.1,7.9,10.6,0.3,0.6,10.8,20.6,0.0,-0.3,0.1,-0.2,-0.054,0.0,-6.5,-1.9,-8.4,-0.3
Derrick White,SG,27,SAS,23,23,720,111,275,.404,37,124,.298,74,151,.490,.471,46,56,.821,13,69,82,117,26,21,33,50,305,14.5,.509,.451,.204,1.9,10.2,6.0,22.1,1.7,2.6,9.9,19.8,0.0,0.6,0.7,1.3,.089,0.0,-0.2,0.0,-0.2,0.3
Hassan Whiteside,C,32,UTA,22,0,336,59,101,.584,0,0,0.0,59,101,.584,.584,30,43,.698,44,96,140,6,5,28,22,67,148,19.3,.617,.000,.426,15.2,29.6,22.8,2.7,0.7,7.0,15.5,18.4,0.0,0.7,0.6,1.4,.194,0.0,-2.3,0.8,-1.5,0.0
Joe Wieskamp,SG,22,SAS,3,0,8,1,1,1.000,1,1,1.000,0,0,0.0,1.500,0,0,0.0,0,0,0,0,0,0,0,1,3,13.7,1.500,1.000,.000,0.0,0.0,0.0,0.0,0.0,0.0,0.0,5.4,0.0,0.0,0.0,0.0,.140,0.0,-0.1,-1.1,-1.2,0.0
Aaron Wiggins,SG,23,OKC,9,1,130,8,18,.444,6,16,.375,2,2,1.000,.611,4,7,.571,1,13,14,10,3,1,7,15,26,6.0,.617,.889,.389,0.8,10.4,5.5,11.1,1.1,0.7,24.9,9.3,0.0,0.0,0.1,0.1,.033,0.0,-6.6,-0.1,-6.7,-0.2
Andrew Wiggins,SF,26,GSW,24,24,728,166,340,.488,52,125,.416,114,215,.530,.565,64,89,.719,28,78,106,40,19,13,40,39,448,17.3,.591,.368,.262,4.4,11.1,7.9,8.7,1.3,1.7,9.5,24.7,0.0,1.2,1.2,2.4,.155,0.0,1.1,-1.1,0.0,0.4
Grant Williams,PF,23,BOS,25,9,541,62,123,.504,35,82,.427,27,41,.659,.646,21,24,.875,15,66,81,28,8,15,15,48,180,12.9,.674,.667,.195,2.9,13.2,8.0,7.6,0.7,2.6,10.1,12.1,0.0,1.1,0.5,1.5,.137,0.0,0.0,-0.6,-0.5,0.2
Kenrich Williams,SF,27,OKC,20,0,410,55,119,.462,14,40,.350,41,79,.519,.521,17,30,.567,20,50,70,36,17,5,15,35,141,13.1,.533,.336,.252,4.9,12.7,8.7,14.1,2.0,1.2,10.2,15.5,0.0,0.4,0.4,0.7,.086,0.0,-1.7,0.4,-1.3,0.1
Lou Williams,PG,35,ATL,20,0,270,46,121,.380,13,36,.361,33,85,.388,.434,22,26,.846,6,23,29,26,11,2,18,19,127,11.2,.479,.298,.215,2.4,8.9,5.8,13.9,2.0,0.7,12.0,24.4,0.0,-0.1,0.1,0.0,.003,0.0,-3.5,-1.9,-5.4,-0.2
Patrick Williams,PF,20,CHI,5,5,125,13,23,.565,3,6,.500,10,17,.588,.630,4,4,1.000,1,10,11,3,3,2,2,9,33,9.7,.666,.261,.174,0.9,8.6,4.8,3.2,1.2,1.4,7.5,9.4,0.0,0.2,0.1,0.3,.111,0.0,-1.5,-2.7,-4.3,-0.1
Robert Williams,C,24,BOS,18,18,509,74,99,.747,0,0,0.0,74,99,.747,.747,20,31,.645,65,86,151,21,14,33,18,29,168,21.0,.746,.000,.313,13.6,18.2,15.9,6.3,1.4,6.2,13.8,11.3,0.0,1.6,0.8,2.4,.224,0.0,2.1,0.6,2.7,0.6
Ziaire Williams,SF,20,MEM,19,0,339,35,99,.354,16,65,.246,19,34,.559,.434,4,6,.667,5,23,28,12,8,6,11,33,90,4.6,.443,.657,.061,1.6,7.3,4.4,4.6,1.1,1.6,9.8,13.9,0.0,-0.2,0.1,-0.2,-0.023,0.0,-5.1,-3.2,-8.3,-0.5
Dylan Windler,SF,25,CLE,17,0,184,17,37,.459,10,24,.417,7,13,.538,.595,3,4,.750,7,24,31,18,3,2,8,19,47,10.0,.606,.649,.108,4.2,14.0,9.1,13.8,0.8,1.0,17.1,11.1,0.0,0.2,0.2,0.4,.109,0.0,-2.0,0.6,-1.3,0.0
Justise Winslow,SF,25,LAC,16,0,129,15,40,.375,1,8,.125,14,32,.438,.388,2,4,.500,8,27,35,17,7,5,14,11,33,8.9,.395,.200,.100,6.7,21.7,14.4,19.0,2.6,3.3,25.1,18.8,0.0,-0.3,0.3,0.0,-0.016,0.0,-5.9,1.7,-4.2,-0.1
Cassius Winston,PG,23,WAS,1,0,4,0,1,.000,0,1,.000,0,0,0.0,.000,2,2,1.000,0,0,0,0,0,0,1,0,2,-1.0,.532,1.000,2.000,0.0,0.0,0.0,0.0,0.0,0.0,34.7,32.2,0.0,0.0,0.0,0.0,-0.236,0.0,-10.0,-7.9,-17.9,0.0
Christian Wood,C,26,HOU,23,23,729,143,307,.466,39,106,.368,104,201,.517,.529,54,94,.574,42,214,256,52,12,25,41,53,379,17.1,.544,.345,.306,6.2,30.7,18.6,12.1,0.8,3.2,10.5,22.5,0.0,0.6,1.0,1.6,.103,0.0,0.7,-0.8,-0.1,0.3
Robert Woodard,SF,22,SAC,1,0,3,0,0,0.0,0,0,0.0,0,0,0.0,0.0,0,0,0.0,0,0,0,0,0,0,0,0,0,0.0,0.0,0.0,0.0,0.0,0.0,0.0,0.0,0.0,0.0,0.0,0.0,0.0,0.0,0.0,0.0,-0.017,0.0,-5.9,-3.0,-8.9,0.0
Delon Wright,SG,29,ATL,23,0,322,24,62,.387,8,21,.381,16,41,.390,.452,13,17,.765,18,47,65,49,16,3,10,12,69,13.8,.497,.339,.274,6.1,15.3,10.8,19.3,2.5,0.9,12.6,10.8,0.0,0.5,0.3,0.8,.118,0.0,-0.1,1.6,1.5,0.3
McKinley Wright IV,PG,23,MIN,1,0,4,1,1,1.000,1,1,1.000,0,0,0.0,1.500,0,0,0.0,0,0,0,0,0,0,1,0,3,19.0,1.500,1.000,.000,0.0,0.0,0.0,0.0,0.0,0.0,50.0,20.8,0.0,0.0,0.0,0.0,-0.119,0.0,4.9,-5.9,-1.0,0.0
Thaddeus Young,PF,33,SAS,19,0,287,60,103,.583,0,3,.000,60,100,.600,.583,7,16,.438,28,39,67,49,19,6,22,27,127,20.4,.577,.029,.155,10.2,14.4,12.3,25.1,3.2,1.9,16.7,19.7,0.0,0.5,0.4,0.9,.151,0.0,1.0,1.7,2.7,0.3
Trae Young,PG,23,ATL,25,25,855,228,500,.456,69,176,.392,159,324,.491,.525,132,149,.886,18,81,99,236,23,3,99,43,657,25.0,.581,.352,.298,2.3,9.9,6.2,46.3,1.3,0.3,14.9,34.0,0.0,2.9,0.3,3.2,.178,0.0,6.4,-2.1,4.3,1.4
Omer Yurtseven,C,23,MIA,16,0,100,18,35,.514,0,2,.000,18,33,.545,.514,7,10,.700,6,19,25,5,1,7,5,10,43,15.6,.546,.057,.286,6.8,21.1,14.0,8.0,0.5,7.7,11.3,19.7,0.0,0.1,0.1,0.2,.109,0.0,-2.7,-0.1,-2.8,0.0
Cody Zeller,C,29,POR,24,0,319,43,76,.566,0,4,.000,43,72,.597,.566,36,47,.766,43,67,110,20,7,6,17,50,122,17.6,.631,.053,.618,14.7,23.5,19.0,9.0,1.1,1.8,15.0,15.5,0.0,0.9,0.2,1.1,.163,0.0,-0.8,-1.1,-1.9,0.0
Ivica Zubac,C,24,LAC,25,25,616,92,138,.667,0,0,0.0,92,138,.667,.667,67,88,.761,62,141,203,28,12,24,28,51,251,20.0,.710,.000,.638,10.9,23.7,17.4,6.9,0.9,3.4,13.7,14.5,0.0,1.9,1.1,3.0,.235,0.0,0.9,0.8,1.7,0.6
