Player,Pos,Age,Tm,G,GS,MP,FG,FGA,FG%,3P,3PA,3P%,2P,2PA,2P%,eFG%,FT,FTA,FT%,ORB,DRB,TRB,AST,STL,BLK,TOV,PF,PTS,PER,TS%,3PAr,FTr,ORB%,DRB%,TRB%,AST%,STL%,BLK%,TOV%,USG%, ,OWS,DWS,WS,WS/48, ,OBPM,DBPM,BPM,VORP,Salary
Precious Achiuwa,C,22,TOR,21,17,556,71,184,.386,7,26,.269,64,158,.405,.405,19,35,.543,49,124,173,33,11,12,23,53,168,10.4,.421,.141,.190,9.1,25.8,17.0,8.5,1.0,2.1,10.3,17.2,0.0,-0.2,0.6,0.3,.030,0.0,-3.5,-1.2,-4.7,-0.4,2711280.0
Steven Adams,C,28,MEM,25,25,622,65,124,.524,0,0,0.0,65,124,.524,.524,48,76,.632,94,120,214,68,22,18,42,44,178,17.1,.565,.000,.613,15.9,21.0,18.4,14.4,1.7,2.7,21.1,13.4,0.0,1.1,0.6,1.6,.126,0.0,0.3,-1.0,-0.7,0.2,17073171.0
Bam Adebayo,C,24,MIA,18,18,592,126,243,.519,0,1,.000,126,242,.521,.519,85,112,.759,49,134,183,57,20,6,53,59,337,19.7,.577,.004,.461,9.5,25.0,17.4,16.1,1.7,1.1,15.3,25.9,0.0,1.0,0.9,1.8,.149,0.0,0.8,0.9,1.7,0.5,28103550.0
Santi Aldama,PF,21,MEM,14,0,145,22,63,.349,3,27,.111,19,36,.528,.373,6,10,.600,15,25,40,12,2,3,4,14,53,10.4,.393,.429,.159,10.9,18.7,14.7,11.6,0.7,1.9,5.6,20.6,0.0,0.0,0.1,0.0,.008,0.0,-3.9,-3.5,-7.4,-0.2,1994520.0
LaMarcus Aldridge,C,36,BRK,23,6,542,138,242,.570,10,29,.345,128,213,.601,.591,33,41,.805,33,101,134,20,7,25,15,38,319,21.3,.613,.120,.169,6.7,18.9,13.1,6.4,0.6,4.1,5.5,22.3,0.0,1.3,0.7,2.0,.180,0.0,2.1,-0.9,1.1,0.4,2641691.0
Nickeil Alexander-Walker,SG,23,NOP,27,18,772,136,369,.369,55,179,.307,81,190,.426,.443,40,52,.769,28,79,107,72,25,11,39,48,367,11.7,.468,.485,.141,3.8,11.5,7.5,15.0,1.6,1.3,9.1,23.9,0.0,-0.2,0.3,0.1,.007,0.0,-1.2,-2.0,-3.2,-0.2,3261480.0
Grayson Allen,SG,26,MIL,25,25,718,113,253,.447,76,181,.420,37,72,.514,.597,29,33,.879,13,80,93,33,16,8,15,38,331,14.7,.619,.715,.130,1.9,11.3,6.7,6.8,1.1,1.1,5.3,16.8,0.0,1.5,0.7,2.2,.147,0.0,2.0,-1.1,0.9,0.5,4054695.0
Jarrett Allen,C,23,CLE,23,23,768,162,230,.704,1,5,.200,161,225,.716,.707,68,100,.680,75,184,259,43,21,29,49,41,393,23.8,.717,.022,.435,10.9,25.6,18.4,9.4,1.4,3.3,15.2,18.4,0.0,2.4,1.4,3.8,.240,0.0,2.7,1.4,4.1,1.2,20000000.0
Kyle Anderson,PF,28,MEM,21,2,455,66,154,.429,18,50,.360,48,104,.462,.487,15,19,.789,23,87,110,50,18,10,20,30,165,14.3,.508,.325,.123,5.3,20.8,12.9,15.3,1.9,2.0,11.0,16.8,0.0,0.4,0.4,0.8,.088,0.0,-0.3,-0.9,-1.2,0.1,9937150.0
Giannis Antetokounmpo,PF,27,MIL,23,23,746,219,419,.523,27,92,.293,192,327,.587,.555,157,233,.674,43,223,266,132,24,38,74,68,622,30.3,.596,.220,.556,6.1,30.3,18.5,32.9,1.6,4.9,12.4,34.2,0.0,2.7,1.5,4.2,.268,0.0,6.7,3.0,9.7,2.2,39344970.0
Thanasis Antetokounmpo,SF,29,MIL,20,5,257,30,62,.484,0,6,.000,30,56,.536,.484,10,17,.588,21,42,63,15,10,4,13,35,70,10.4,.504,.097,.274,8.7,16.6,12.7,8.2,1.9,1.5,15.8,13.7,0.0,0.1,0.4,0.4,.084,0.0,-3.9,-0.6,-4.4,-0.2,1729217.0
Carmelo Anthony,PF,37,LAL,25,3,705,120,274,.438,63,151,.417,57,123,.463,.553,49,60,.817,18,80,98,21,19,15,19,59,352,14.5,.586,.551,.219,2.7,11.8,7.3,4.4,1.3,1.9,5.9,19.3,0.0,1.1,0.6,1.7,.116,0.0,1.0,-1.7,-0.7,0.2,2641691.0
Cole Anthony,PG,21,ORL,20,20,681,142,331,.429,55,151,.364,87,180,.483,.512,67,77,.870,10,113,123,117,19,4,60,51,406,17.4,.556,.456,.233,1.5,17.7,9.6,30.3,1.3,0.5,14.1,26.8,0.0,0.8,0.3,1.1,.077,0.0,2.2,-1.5,0.7,0.5,3449400.0
OG Anunoby,SF,24,TOR,15,15,560,114,265,.430,41,112,.366,73,153,.477,.508,33,40,.825,24,57,81,41,23,9,25,41,302,16.7,.534,.423,.151,4.4,11.8,7.9,11.8,2.1,1.6,8.1,23.6,0.0,0.8,0.4,1.3,.108,0.0,1.6,-0.8,0.9,0.4,16071429.0
D.J. Augustin,PG,34,HOU,20,0,258,27,63,.429,18,44,.409,9,19,.474,.571,16,18,.889,2,20,22,44,5,0,23,12,88,10.8,.620,.698,.286,0.8,8.1,4.5,24.9,0.9,0.0,24.5,15.4,0.0,0.2,0.1,0.3,.063,0.0,-1.6,-2.1,-3.7,-0.1,7000000.0
Deni Avdija,SF,21,WAS,26,0,554,60,141,.426,21,66,.318,39,75,.520,.500,21,32,.656,22,104,126,31,14,19,14,56,162,11.5,.522,.468,.227,4.5,19.6,12.4,8.0,1.3,2.8,8.3,13.7,0.0,0.4,0.7,1.0,.091,0.0,-1.7,0.8,-0.9,0.2,4692840.0
Deandre Ayton,C,23,PHO,18,18,556,132,215,.614,1,5,.200,131,210,.624,.616,29,47,.617,54,145,199,27,14,13,32,42,294,20.7,.624,.023,.219,10.5,26.6,18.8,7.6,1.2,2.0,12.0,20.8,0.0,1.2,1.0,2.2,.187,0.0,1.4,-0.1,1.3,0.5,12632950.0
Udoka Azubuike,C,22,UTA,4,0,8,1,1,1.000,0,0,0.0,1,1,1.000,1.000,0,0,0.0,1,3,4,0,0,0,1,0,2,13.1,1.000,.000,.000,14.6,38.7,27.4,0.0,0.0,0.0,50.0,10.9,0.0,0.0,0.0,0.0,.080,0.0,-0.9,-1.2,-2.1,0.0,2075880.0
Marvin Bagley III,PF,22,SAC,10,0,179,26,52,.500,6,19,.316,20,33,.606,.558,13,18,.722,16,43,59,6,2,1,7,10,71,15.4,.592,.365,.346,9.5,25.1,17.3,4.8,0.5,0.5,10.5,15.9,0.0,0.3,0.1,0.4,.120,0.0,0.3,-1.8,-1.6,0.0,11312114.0
LaMelo Ball,PG,20,CHO,24,24,799,174,416,.418,70,179,.391,104,237,.439,.502,63,70,.900,37,148,185,198,46,10,78,75,481,21.2,.538,.430,.168,4.8,20.5,12.3,37.6,2.7,1.2,14.9,27.8,0.0,1.4,0.7,2.1,.127,0.0,3.7,0.1,3.8,1.2,8231760.0
Lonzo Ball,PG,24,CHI,26,26,918,120,288,.417,79,185,.427,41,103,.398,.554,11,14,.786,26,117,143,130,45,26,63,62,330,14.1,.561,.642,.049,3.1,13.9,8.5,19.7,2.4,2.5,17.6,17.1,0.0,0.6,1.4,2.0,.103,0.0,1.0,0.9,1.9,0.9,19767442.0
Mo Bamba,C,23,ORL,25,25,732,107,232,.461,34,101,.337,73,131,.557,.534,18,25,.720,59,162,221,45,20,56,36,68,266,16.1,.547,.435,.108,8.5,23.6,16.0,9.8,1.3,7.1,12.9,16.3,0.0,0.6,0.9,1.4,.095,0.0,0.0,0.3,0.3,0.4,7568742.0
Desmond Bane,SF,23,MEM,25,25,724,153,327,.468,63,158,.399,90,169,.533,.564,32,35,.914,14,94,108,51,23,10,39,62,401,15.8,.586,.483,.107,2.0,14.1,8.0,10.8,1.5,1.3,10.2,22.1,0.0,1.1,0.4,1.5,.098,0.0,1.3,-1.9,-0.6,0.3,2033160.0
Dalano Banton,SF,22,TOR,25,0,326,42,91,.462,6,20,.300,36,71,.507,.495,18,24,.750,17,44,61,41,11,5,27,36,108,11.8,.532,.220,.264,5.4,15.6,10.2,18.1,1.7,1.5,21.0,16.9,0.0,0.1,0.3,0.4,.054,0.0,-2.4,-0.2,-2.6,-0.1,925258.0
Harrison Barnes,PF,29,SAC,20,20,694,115,241,.477,39,97,.402,76,144,.528,.558,108,128,.844,27,114,141,49,20,3,39,29,377,18.7,.634,.402,.531,4.1,17.2,10.7,10.5,1.4,0.4,11.6,20.6,0.0,1.8,0.4,2.2,.155,0.0,3.2,-1.3,1.9,0.7,20284091.0
Scottie Barnes,PF,20,TOR,23,23,823,143,293,.488,17,49,.347,126,244,.516,.517,47,65,.723,66,119,185,76,27,19,46,62,350,16.8,.544,.167,.222,8.3,16.7,12.3,14.2,1.6,2.3,12.5,19.2,0.0,1.2,0.7,2.0,.114,0.0,0.5,-0.3,0.2,0.5,7280520.0
RJ Barrett,SF,21,NYK,24,24,754,129,317,.407,45,126,.357,84,191,.440,.478,56,78,.718,17,118,135,51,11,7,42,50,359,11.8,.511,.397,.246,2.4,16.8,9.6,10.8,0.7,0.9,10.7,22.9,0.0,0.1,0.4,0.5,.030,0.0,-1.5,-2.1,-3.6,-0.3,8623920.0
Will Barton,SG,31,DEN,22,22,744,138,312,.442,57,146,.390,81,166,.488,.534,24,33,.727,14,100,114,93,19,10,39,30,357,15.6,.547,.468,.106,2.1,15.0,8.5,19.5,1.3,1.3,10.7,22.1,0.0,0.7,0.7,1.4,.089,0.0,1.5,-0.8,0.8,0.5,15384615.0
Charles Bassey,PF,21,PHI,10,0,81,12,18,.667,0,3,.000,12,15,.800,.667,5,7,.714,10,19,29,2,1,7,3,11,29,20.3,.688,.167,.389,13.6,25.7,19.7,3.7,0.6,7.8,12.5,13.4,0.0,0.2,0.1,0.4,.211,0.0,0.8,0.8,1.6,0.1,925258.0
Keita Bates-Diop,SF,26,SAS,17,4,236,24,53,.453,1,11,.091,23,42,.548,.462,9,11,.818,12,44,56,6,7,6,12,10,58,8.9,.501,.208,.208,5.3,19.8,12.5,3.2,1.4,2.3,17.2,12.7,0.0,-0.1,0.3,0.2,.033,0.0,-4.6,-0.8,-5.4,-0.2,1729217.0
Nicolas Batum,PF,33,LAC,15,14,400,50,97,.515,32,74,.432,18,23,.783,.680,5,10,.500,7,71,78,22,17,12,12,17,137,15.1,.676,.763,.103,1.9,18.5,10.3,8.0,2.1,2.6,10.6,12.3,0.0,0.6,0.7,1.4,.162,0.0,1.3,2.1,3.5,0.6,12213507.0
Nicolas Batum,PF,33,LAC,15,14,400,50,97,.515,32,74,.432,18,23,.783,.680,5,10,.500,7,71,78,22,17,12,12,17,137,15.1,.676,.763,.103,1.9,18.5,10.3,8.0,2.1,2.6,10.6,12.3,0.0,0.6,0.7,1.4,.162,0.0,1.3,2.1,3.5,0.6,12213507.0
Kent Bazemore,SF,32,LAL,18,13,350,27,81,.333,13,43,.302,14,38,.368,.414,10,13,.769,4,31,35,15,16,5,8,42,77,5.5,.444,.531,.160,1.2,9.2,5.3,5.5,2.2,1.3,8.4,11.5,0.0,-0.2,0.3,0.2,.023,0.0,-5.6,-0.4,-5.9,-0.3,2401537.0
Darius Bazley,PF,21,OKC,24,24,663,80,214,.374,23,83,.277,57,131,.435,.428,26,42,.619,22,133,155,31,20,28,34,20,209,9.9,.450,.388,.196,3.3,20.9,12.0,7.3,1.5,4.0,12.8,17.4,0.0,-0.8,0.8,0.0,-0.002,0.0,-3.5,-0.3,-3.8,-0.3,2513040.0
Bradley Beal,SG,28,WAS,23,23,828,198,449,.441,34,130,.262,164,319,.514,.479,89,105,.848,22,87,109,132,20,7,78,50,519,16.9,.524,.290,.234,3.0,11.0,7.2,27.9,1.2,0.7,13.6,31.0,0.0,0.3,0.6,0.9,.051,0.0,0.9,-1.6,-0.7,0.3,34502130.0
Malik Beasley,SG,25,MIN,25,0,642,98,273,.359,69,203,.340,29,70,.414,.485,16,22,.727,9,69,78,38,15,4,18,32,281,10.3,.497,.744,.081,1.4,11.8,6.3,9.0,1.1,0.6,6.0,19.5,0.0,0.3,0.4,0.7,.053,0.0,-1.0,-1.5,-2.6,-0.1,14391964.0
DeAndre' Bembry,SF,27,BRK,24,9,481,60,106,.566,9,22,.409,51,84,.607,.608,10,21,.476,19,60,79,26,22,13,17,55,139,11.9,.603,.208,.198,4.4,12.7,8.7,7.7,2.2,2.4,12.9,12.1,0.0,0.5,0.7,1.1,.113,0.0,-2.4,1.3,-1.1,0.1,1939350.0
Dāvis Bertāns,PF,29,WAS,16,0,244,24,81,.296,17,65,.262,7,16,.438,.401,17,18,.944,3,22,25,9,4,2,7,27,82,5.7,.461,.802,.222,1.4,9.4,5.6,5.2,0.8,0.7,7.3,17.6,0.0,-0.1,0.1,0.0,.000,0.0,-4.1,-2.3,-6.5,-0.3,16000000.0
Patrick Beverley,PG,33,MIN,17,13,429,57,118,.483,19,58,.328,38,60,.633,.564,12,18,.667,23,49,72,74,14,16,20,52,145,15.8,.576,.492,.153,5.3,12.5,8.7,25.5,1.6,3.6,13.7,14.1,0.0,0.9,0.4,1.4,.153,0.0,0.6,1.1,1.8,0.4,14320988.0
Saddiq Bey,SF,22,DET,24,24,770,108,307,.352,44,148,.297,64,159,.403,.423,34,47,.723,45,100,145,60,24,4,34,40,294,10.4,.449,.482,.153,5.9,15.3,10.3,13.0,1.5,0.5,9.4,20.2,0.0,-0.4,0.5,0.1,.003,0.0,-1.7,-2.0,-3.8,-0.3,2824320.0
Khem Birch,C,29,TOR,15,3,344,40,80,.500,0,6,.000,40,74,.541,.500,24,33,.727,48,37,85,20,15,7,9,27,104,17.0,.550,.075,.413,14.4,12.4,13.5,8.2,2.2,2.0,8.7,12.9,0.0,0.8,0.3,1.1,.154,0.0,0.0,-0.2,-0.2,0.2,6350000.0
Goga Bitadze,C,22,IND,17,0,142,15,50,.300,4,25,.160,11,25,.440,.340,11,17,.647,18,22,40,3,9,10,6,27,45,11.2,.391,.500,.340,14.2,16.7,15.5,2.9,3.1,6.0,9.5,19.5,0.0,-0.1,0.3,0.1,.045,0.0,-5.3,0.2,-5.0,-0.1,3098400.0
Nemanja Bjelica,C,33,GSW,25,0,360,60,130,.462,22,61,.361,38,69,.551,.546,22,31,.710,23,76,99,39,19,9,31,34,164,16.3,.571,.469,.238,7.3,21.9,14.9,15.8,2.5,2.4,17.8,20.8,0.0,0.3,0.9,1.2,.157,0.0,-0.3,1.3,1.0,0.3,2089448.0
Eric Bledsoe,PG,32,LAC,26,22,685,87,213,.408,20,75,.267,67,138,.486,.455,43,52,.827,19,83,102,90,35,11,52,41,237,11.9,.502,.352,.244,3.0,12.6,7.9,19.2,2.5,1.4,18.1,18.3,0.0,-0.1,1.1,0.9,.066,0.0,-2.7,1.3,-1.4,0.1,18125000.0
Bogdan Bogdanović,SG,29,ATL,20,20,564,89,199,.447,43,110,.391,46,89,.517,.555,11,14,.786,7,64,71,49,13,4,18,38,232,12.9,.565,.553,.070,1.4,11.9,6.7,12.3,1.1,0.6,8.1,17.3,0.0,0.8,0.2,1.0,.084,0.0,-0.2,-1.0,-1.2,0.1,18000000.0
Bojan Bogdanović,PF,32,UTA,24,24,723,137,294,.466,62,151,.411,75,143,.524,.571,72,78,.923,18,79,97,44,11,1,35,36,408,17.0,.621,.514,.265,2.9,11.3,7.4,9.1,0.7,0.1,9.6,21.9,0.0,1.9,0.5,2.4,.161,0.0,2.4,-1.4,0.9,0.5,18700000.0
Bol Bol,PF,22,DEN,10,0,47,7,15,.467,0,3,.000,7,12,.583,.467,1,3,.333,2,12,14,2,1,2,0,3,15,13.3,.460,.200,.200,4.7,28.4,16.6,6.3,1.1,4.0,0.0,15.6,0.0,0.0,0.1,0.1,.085,0.0,-1.2,0.4,-0.8,0.0,2161152.0
Leandro Bolmaro,SF,21,MIN,14,1,134,8,27,.296,1,9,.111,7,18,.389,.315,6,7,.857,12,17,29,7,3,0,9,15,23,3.9,.382,.333,.259,8.9,13.9,11.3,7.0,1.1,0.0,23.0,12.1,0.0,-0.2,0.1,-0.1,-0.026,0.0,-6.5,-1.8,-8.3,-0.2,2353320.0
Isaac Bonga,SF,22,TOR,9,0,49,2,9,.222,1,3,.333,1,6,.167,.278,4,6,.667,2,2,4,3,4,2,1,8,9,7.9,.387,.333,.667,4.2,4.7,4.4,7.8,4.1,4.0,7.9,11.1,0.0,0.0,0.1,0.1,.054,0.0,-5.4,2.9,-2.5,0.0,1729217.0
Devin Booker,SG,25,PHO,21,21,676,180,393,.458,50,124,.403,130,269,.483,.522,78,91,.857,18,85,103,94,19,5,57,49,488,19.6,.563,.316,.232,2.9,12.8,8.0,22.7,1.3,0.6,11.6,31.4,0.0,0.9,0.9,1.8,.127,0.0,2.2,-1.1,1.1,0.5,31610000.0
Brandon Boston Jr.,SG,20,LAC,13,0,146,27,59,.458,11,24,.458,16,35,.457,.551,16,17,.941,1,13,14,4,9,3,11,10,81,15.5,.609,.407,.288,0.7,9.3,5.1,4.4,3.0,1.8,14.2,23.0,0.0,0.1,0.2,0.3,.106,0.0,-1.5,1.2,-0.3,0.1,925258.0
Chris Boucher,PF,29,TOR,23,1,323,56,140,.400,10,56,.179,46,84,.548,.436,27,38,.711,35,59,94,7,11,19,13,33,149,16.3,.475,.400,.271,11.2,21.1,15.9,3.3,1.7,5.8,7.7,22.5,0.0,0.2,0.4,0.6,.088,0.0,-1.7,-0.8,-2.5,0.0,7009615.0
James Bouknight,SG,21,CHO,10,0,52,5,19,.263,1,5,.200,4,14,.286,.289,4,4,1.000,6,3,9,3,0,0,3,5,15,3.7,.361,.263,.211,11.9,6.4,9.2,7.4,0.0,0.0,12.6,19.3,0.0,-0.1,0.0,-0.1,-0.096,0.0,-6.4,-6.0,-12.4,-0.1,4154400.0
Avery Bradley,SG,31,LAL,22,17,492,42,111,.378,23,65,.354,19,46,.413,.482,2,2,1.000,11,45,56,18,13,4,13,31,109,6.0,.487,.586,.018,2.4,9.5,6.0,4.8,1.3,0.7,10.4,10.8,0.0,-0.1,0.3,0.2,.023,0.0,-3.8,-1.2,-5.0,-0.4,2641691.0
Tony Bradley,C,24,CHI,20,7,256,32,58,.552,0,0,0.0,32,58,.552,.552,5,7,.714,29,58,87,9,1,11,14,26,69,12.5,.565,.000,.121,12.4,24.8,18.6,4.8,0.2,3.8,18.6,12.9,0.0,0.2,0.3,0.6,.105,0.0,-2.3,-0.3,-2.6,0.0,1789256.0
Mikal Bridges,SF,25,PHO,24,24,833,119,221,.538,30,74,.405,89,147,.605,.606,23,27,.852,20,77,97,45,36,13,19,52,291,13.5,.625,.335,.122,2.6,9.4,6.1,7.3,2.1,1.4,7.5,13.1,0.0,1.3,1.2,2.5,.143,0.0,-0.2,0.7,0.5,0.5,5557725.0
Miles Bridges,PF,23,CHO,27,27,995,202,432,.468,58,175,.331,144,257,.560,.535,83,107,.776,33,161,194,90,32,24,51,76,545,17.4,.569,.405,.248,3.4,17.9,10.4,13.4,1.5,2.3,9.6,22.5,0.0,1.6,0.5,2.1,.101,0.0,1.6,-1.1,0.5,0.6,5421493.0
Oshae Brissett,SF,23,IND,16,0,221,28,65,.431,13,33,.394,15,32,.469,.531,3,11,.273,11,35,46,8,4,4,11,16,72,9.3,.515,.508,.169,5.6,17.1,11.4,5.1,0.9,1.5,13.6,15.9,0.0,0.0,0.2,0.2,.033,0.0,-1.5,-1.7,-3.2,-0.1,1701593.0
Malcolm Brogdon,PG,29,IND,22,22,779,158,349,.453,40,129,.310,118,220,.536,.510,90,103,.874,21,104,125,135,20,11,51,48,446,19.7,.566,.370,.295,3.0,14.4,8.8,27.1,1.3,1.2,11.5,24.9,0.0,1.8,0.7,2.5,.156,0.0,3.5,-0.2,3.4,1.1,21700000.0
Armoni Brooks,SG,23,HOU,20,1,276,39,104,.375,29,86,.337,10,18,.556,.514,8,9,.889,5,27,32,18,12,4,7,26,115,11.8,.533,.827,.087,2.0,10.3,6.2,10.1,2.1,1.4,6.1,17.6,0.0,0.2,0.2,0.5,.079,0.0,-1.4,-0.2,-1.6,0.0,1489065.0
Dillon Brooks,SF,26,MEM,12,11,320,77,189,.407,18,58,.310,59,131,.450,.455,33,36,.917,8,32,40,33,17,2,26,43,205,14.2,.500,.307,.190,2.6,10.9,6.7,16.6,2.6,0.6,11.3,30.2,0.0,0.0,0.2,0.2,.032,0.0,-2.0,-1.9,-3.9,-0.2,12200000.0
Bruce Brown,SF,25,BRK,22,14,496,62,138,.449,7,23,.304,55,115,.478,.475,11,15,.733,29,64,93,25,29,10,14,54,142,11.3,.491,.167,.109,6.5,13.1,9.9,7.2,2.8,1.8,8.8,14.1,0.0,0.2,0.8,0.9,.089,0.0,-3.3,1.2,-2.1,0.0,4736102.0
Greg Brown III,SF,20,POR,11,0,51,7,20,.350,0,4,.000,7,16,.438,.350,2,7,.286,5,9,14,5,2,4,2,7,16,10.8,.347,.200,.350,10.6,19.7,15.1,14.2,1.9,7.5,8.0,21.4,0.0,-0.1,0.1,0.0,-0.029,0.0,-4.7,0.3,-4.4,0.0,925258.0
Jaylen Brown,SF,25,BOS,13,13,426,101,218,.463,31,85,.365,70,133,.526,.534,45,59,.763,6,62,68,29,14,6,31,35,278,17.4,.570,.390,.271,1.5,15.7,8.6,12.1,1.6,1.3,11.3,28.3,0.0,0.3,0.5,0.8,.092,0.0,1.8,-0.8,0.9,0.3,24830357.0
Moses Brown,C,22,DAL,10,1,46,6,10,.600,0,0,0.0,6,10,.600,.600,12,18,.667,6,10,16,0,2,4,4,9,24,22.3,.670,.000,1.800,13.4,24.6,18.7,0.0,2.2,7.6,18.2,21.2,0.0,0.1,0.1,0.2,.223,0.0,-3.2,1.0,-2.2,0.0,1701593.0
Sterling Brown,SG,26,DAL,20,0,256,22,62,.355,11,40,.275,11,22,.500,.444,4,4,1.000,14,50,64,15,9,3,14,24,59,8.0,.463,.645,.065,5.6,22.1,13.5,8.2,1.8,1.0,18.0,13.5,0.0,-0.2,0.3,0.1,.026,0.0,-4.1,-0.5,-4.6,-0.2,3000000.0
Troy Brown Jr.,SF,22,CHI,17,0,196,26,62,.419,8,27,.296,18,35,.514,.484,8,12,.667,6,35,41,11,5,1,7,14,68,10.4,.505,.435,.194,3.4,19.5,11.5,7.8,1.2,0.4,9.4,16.6,0.0,0.0,0.2,0.3,.064,0.0,-2.4,-1.1,-3.4,-0.1,5170564.0
Jalen Brunson,PG,25,DAL,23,6,670,130,267,.487,23,70,.329,107,197,.543,.530,46,60,.767,14,74,88,114,18,1,32,42,329,17.7,.561,.262,.225,2.2,12.5,7.1,28.0,1.3,0.1,9.8,21.6,0.0,1.4,0.5,1.9,.136,0.0,1.3,-0.8,0.4,0.4,1802057.0
Reggie Bullock,SF,30,DAL,23,7,544,51,142,.359,29,103,.282,22,39,.564,.461,6,9,.667,5,57,62,17,7,3,14,33,137,5.1,.469,.725,.063,0.9,11.8,6.1,4.4,0.6,0.5,8.8,13.1,0.0,-0.3,0.3,0.0,-0.003,0.0,-4.1,-2.1,-6.2,-0.6,9536000.0
Trey Burke,PG,29,DAL,13,0,141,31,68,.456,10,24,.417,21,44,.477,.529,10,11,.909,0,9,9,18,5,0,12,9,82,15.2,.563,.353,.162,0.0,7.2,3.4,21.9,1.8,0.0,14.1,26.8,0.0,0.1,0.1,0.2,.057,0.0,0.0,-1.7,-1.7,0.0,3333333.0
Alec Burks,SG,30,NYK,25,6,621,91,218,.417,51,120,.425,40,98,.408,.534,61,74,.824,10,85,95,49,29,8,19,51,294,16.8,.587,.550,.339,1.7,14.7,8.2,12.1,2.3,1.2,7.0,19.0,0.0,1.4,0.6,1.9,.149,0.0,1.2,0.7,1.9,0.6,9536000.0
Jared Butler,SG,21,UTA,15,0,68,10,31,.323,6,19,.316,4,12,.333,.419,4,7,.571,0,11,11,7,2,6,8,14,30,6.6,.440,.613,.226,0.0,16.7,8.9,14.5,1.4,7.5,19.0,26.9,0.0,-0.2,0.1,-0.1,-0.050,0.0,-7.2,1.5,-5.7,-0.1,925258.0
Jimmy Butler,SF,32,MIA,18,18,607,139,273,.509,6,31,.194,133,242,.550,.520,127,149,.852,29,75,104,94,39,5,35,29,411,27.0,.607,.114,.546,5.5,13.6,9.6,26.7,3.2,0.9,9.4,27.3,0.0,2.5,0.9,3.4,.271,0.0,5.5,2.9,8.5,1.6,36016200.0
Kentavious Caldwell-Pope,SG,28,WAS,26,26,760,104,242,.430,55,137,.401,49,105,.467,.543,34,38,.895,15,77,92,44,34,8,32,47,297,12.7,.574,.566,.157,2.2,10.6,6.6,8.6,2.2,0.9,11.0,17.1,0.0,0.6,0.7,1.3,.085,0.0,-0.7,0.6,-0.1,0.4,13038862.0
Facundo Campazzo,PG,30,DEN,23,0,436,45,110,.409,25,69,.362,20,41,.488,.523,17,21,.810,8,31,39,59,21,5,25,43,132,11.2,.554,.627,.191,2.0,7.9,5.0,18.7,2.4,1.1,17.3,14.9,0.0,0.3,0.4,0.7,.082,0.0,-2.4,0.4,-2.0,0.0,3804150.0
Vlatko Čančar,PF,24,DEN,5,0,27,4,8,.500,3,3,1.000,1,5,.200,.688,3,4,.750,1,1,2,4,1,0,2,3,14,18.9,.717,.375,.500,4.1,4.1,4.1,21.8,1.9,0.0,17.0,19.6,0.0,0.1,0.0,0.1,.202,0.0,2.7,-0.6,2.1,0.0,1782621.0
Clint Capela,C,27,ATL,25,25,747,127,223,.570,0,1,.000,127,222,.572,.570,31,61,.508,101,216,317,33,22,36,16,61,285,21.1,.570,.004,.274,14.8,30.3,22.7,6.4,1.5,4.4,6.0,15.6,0.0,2.0,1.1,3.0,.194,0.0,1.5,-0.3,1.3,0.6,17103448.0
Vernon Carey Jr.,C,20,CHO,1,0,1,0,1,.000,0,0,0.0,0,1,.000,.000,0,0,0.0,0,1,1,0,0,0,0,0,0,-27.5,.000,.000,.000,0.0,100.0,53.3,0.0,0.0,0.0,0.0,42.3,0.0,0.0,0.0,0.0,-0.904,0.0,-28.8,-16.4,-45.2,0.0,1517981.0
Jevon Carter,PG,26,BRK,25,1,307,21,75,.280,18,59,.305,3,16,.188,.400,3,4,.750,4,32,36,27,8,7,9,30,63,5.3,.410,.787,.053,1.4,10.6,6.2,11.6,1.3,2.0,10.5,12.3,0.0,-0.2,0.3,0.1,.014,0.0,-5.0,0.1,-4.9,-0.2,3833333.0
Wendell Carter Jr.,C,22,ORL,26,26,758,135,262,.515,36,101,.356,99,161,.615,.584,42,60,.700,55,202,257,61,17,17,37,69,348,18.3,.603,.385,.229,7.6,28.4,17.9,13.4,1.1,2.1,11.4,18.4,0.0,1.5,0.7,2.1,.135,0.0,1.9,-0.5,1.4,0.7,6920027.0
Alex Caruso,SG,27,CHI,23,6,658,65,147,.442,23,69,.333,42,78,.538,.520,42,49,.857,22,64,86,94,51,9,34,61,195,14.8,.578,.469,.333,3.7,10.6,7.2,19.0,3.8,1.2,16.8,13.5,0.0,1.0,1.1,2.0,.149,0.0,-1.0,2.5,1.5,0.6,8604651.0
Willie Cauley-Stein,C,28,DAL,18,2,177,16,35,.457,1,2,.500,15,33,.455,.471,1,2,.500,13,25,38,9,6,3,7,17,34,8.7,.474,.057,.057,7.6,16.0,11.6,7.1,1.7,1.5,16.3,10.8,0.0,0.0,0.2,0.2,.052,0.0,-3.8,-0.7,-4.5,-0.1,4200000.0
Josh Christopher,SG,20,HOU,16,0,135,23,50,.460,8,15,.533,15,35,.429,.540,7,9,.778,5,12,17,14,8,1,11,12,61,13.7,.565,.300,.180,4.0,9.3,6.7,16.8,2.8,0.7,16.9,20.3,0.0,0.1,0.1,0.2,.067,0.0,-1.3,-0.2,-1.5,0.0,2259240.0
Brandon Clarke,PF,25,MEM,19,0,304,64,105,.610,1,11,.091,63,94,.670,.614,18,27,.667,33,50,83,26,7,17,8,33,147,22.7,.629,.105,.257,11.4,17.9,14.6,13.1,1.1,5.1,6.4,17.2,0.0,1.1,0.3,1.3,.209,0.0,2.2,-0.7,1.5,0.3,2726880.0
Jordan Clarkson,SG,29,UTA,24,0,594,127,341,.372,66,217,.304,61,124,.492,.469,38,46,.826,16,58,74,48,15,6,31,40,358,13.8,.496,.636,.135,3.1,10.1,6.8,12.6,1.2,0.9,7.9,28.7,0.0,0.3,0.5,0.8,.064,0.0,-0.4,-2.2,-2.6,-0.1,12420000.0
Nicolas Claxton,C,22,BRK,7,4,116,17,30,.567,0,0,0.0,17,30,.567,.567,6,14,.429,6,29,35,4,0,5,5,14,40,11.6,.553,.000,.467,5.7,25.4,16.0,5.1,0.0,3.9,12.1,15.6,0.0,0.0,0.2,0.2,.085,0.0,-4.1,-0.8,-4.9,-0.1,1782621.0
John Collins,PF,24,ATL,25,25,807,164,292,.562,31,75,.413,133,217,.613,.615,65,83,.783,43,153,196,54,18,34,27,72,424,21.4,.645,.257,.284,5.8,19.9,13.0,10.1,1.1,3.9,7.6,19.3,0.0,2.6,0.8,3.4,.199,0.0,2.6,0.2,2.8,1.0,23000000.0
Mike Conley,PG,34,UTA,22,22,621,111,218,.509,59,124,.476,52,94,.553,.644,28,33,.848,6,37,43,119,26,6,40,45,309,19.5,.664,.569,.151,1.1,6.2,3.8,28.3,2.0,0.8,14.7,19.1,0.0,2.2,0.6,2.8,.217,0.0,3.6,0.2,3.8,0.9,21000000.0
Pat Connaughton,SG,29,MIL,26,10,752,112,229,.489,70,166,.422,42,63,.667,.642,20,27,.741,21,102,123,36,25,8,21,38,314,15.3,.652,.725,.118,3.0,13.8,8.5,7.0,1.6,1.0,8.0,14.9,0.0,1.6,0.9,2.5,.157,0.0,1.8,-0.3,1.6,0.7,5333333.0
DeMarcus Cousins,C,31,MIL,4,0,57,7,20,.350,1,7,.143,6,13,.462,.375,10,12,.833,5,16,21,5,4,0,5,10,25,14.5,.494,.350,.600,9.3,28.5,19.1,12.4,3.4,0.0,16.5,22.7,0.0,0.0,0.1,0.1,.110,0.0,-5.2,2.8,-2.5,0.0,2004047.0
Robert Covington,PF,31,POR,26,26,698,64,162,.395,41,118,.347,23,44,.523,.522,3,3,1.000,14,108,122,30,27,25,27,58,172,9.0,.527,.728,.019,2.2,17.3,9.6,5.8,1.9,3.4,14.2,11.9,0.0,-0.1,0.5,0.5,.033,0.0,-2.4,0.5,-1.9,0.0,12975471.0
Torrey Craig,SF,31,IND,26,1,397,52,108,.481,14,53,.264,38,55,.691,.546,17,22,.773,30,54,84,23,11,7,15,41,135,13.4,.574,.491,.204,8.4,14.7,11.6,8.1,1.4,1.5,11.3,14.6,0.0,0.6,0.4,1.0,.119,0.0,-0.4,-0.2,-0.5,0.2,4878049.0
Jae Crowder,PF,31,PHO,24,24,671,75,194,.387,45,133,.338,30,61,.492,.503,27,35,.771,12,102,114,33,31,11,20,55,222,10.6,.530,.686,.180,1.9,15.5,8.9,6.4,2.2,1.4,8.7,14.8,0.0,0.2,1.1,1.3,.096,0.0,-1.6,1.0,-0.6,0.2,9720900.0
Jarrett Culver,SG,22,MEM,8,0,65,14,26,.538,3,9,.333,11,17,.647,.596,4,8,.500,2,9,11,11,3,0,2,1,35,22.1,.593,.346,.308,3.2,15.0,9.0,26.1,2.2,0.0,6.3,20.3,0.0,0.2,0.0,0.3,.188,0.0,2.6,-0.6,2.0,0.1,6395160.0
Cade Cunningham,PG,20,DET,19,19,607,108,284,.380,42,137,.307,66,147,.449,.454,31,36,.861,22,100,122,86,24,11,72,50,289,11.4,.482,.482,.127,3.7,19.4,10.9,25.2,1.9,1.6,19.4,26.4,0.0,-1.0,0.6,-0.5,-0.037,0.0,-2.3,-0.7,-2.9,-0.1,10050120.0
Seth Curry,SG,31,PHI,23,23,789,136,269,.506,51,124,.411,85,145,.586,.600,49,56,.875,12,56,68,66,20,3,39,52,372,15.3,.633,.461,.208,1.7,7.8,4.7,13.1,1.3,0.3,11.7,19.1,0.0,1.5,0.3,1.8,.112,0.0,1.1,-2.1,-1.0,0.2,8186047.0
Stephen Curry,PG,33,GSW,24,24,820,214,488,.439,132,320,.413,82,168,.488,.574,99,106,.934,16,115,131,152,42,11,75,44,659,25.2,.616,.656,.217,2.2,14.6,8.7,31.3,2.5,1.3,12.3,31.9,0.0,2.7,1.7,4.4,.257,0.0,7.8,0.9,8.7,2.2,45780966.0
Anthony Davis,C,28,LAL,24,24,858,230,439,.524,9,48,.188,221,391,.565,.534,109,151,.722,73,173,246,74,31,53,49,56,578,25.2,.572,.109,.344,9.1,21.0,15.2,14.7,1.7,5.6,8.8,27.5,0.0,2.1,1.3,3.4,.192,0.0,3.0,0.3,3.3,1.1,35361360.0
Ed Davis,C,32,CLE,9,2,77,7,10,.700,0,0,0.0,7,10,.700,.700,1,2,.500,4,25,29,1,2,4,3,9,15,12.0,.689,.000,.200,5.8,34.7,20.5,1.8,1.3,4.6,21.6,7.9,0.0,0.0,0.2,0.2,.140,0.0,-3.5,2.5,-1.0,0.0,2641691.0
Terence Davis,SG,24,SAC,17,6,289,56,138,.406,25,82,.305,31,56,.554,.496,13,17,.765,3,41,44,15,12,6,20,38,150,11.2,.516,.594,.123,1.1,14.8,8.0,8.0,2.0,1.7,12.1,24.3,0.0,-0.2,0.2,0.0,.007,0.0,-3.3,-0.4,-3.7,-0.1,4000000.0
Gabriel Deck,PF,26,OKC,6,0,45,6,12,.500,1,3,.333,5,9,.556,.542,0,0,0.0,1,4,5,3,1,0,2,2,13,8.8,.542,.250,.000,2.2,9.2,5.7,10.7,1.1,0.0,14.3,13.4,0.0,0.0,0.0,0.0,.022,0.0,-2.7,-2.9,-5.6,0.0,3670000.0
Dewayne Dedmon,C,32,MIA,26,8,405,54,98,.551,7,11,.636,47,87,.540,.587,28,36,.778,46,104,150,16,9,12,23,54,143,16.1,.628,.112,.367,13.0,28.4,20.8,5.8,1.1,3.3,16.8,15.0,0.0,0.8,0.6,1.4,.166,0.0,-1.2,-0.1,-1.2,0.1,5256308.0
Dewayne Dedmon,C,32,MIA,26,8,405,54,98,.551,7,11,.636,47,87,.540,.587,28,36,.778,46,104,150,16,9,12,23,54,143,16.1,.628,.112,.367,13.0,28.4,20.8,5.8,1.1,3.3,16.8,15.0,0.0,0.8,0.6,1.4,.166,0.0,-1.2,-0.1,-1.2,0.1,5256308.0
Sam Dekker,PF,27,TOR,1,0,1,0,0,0.0,0,0,0.0,0,0,0.0,0.0,0,0,0.0,0,0,0,0,0,0,0,0,0,0.0,0.0,0.0,0.0,0.0,0.0,0.0,0.0,0.0,0.0,0.0,0.0,0.0,0.0,0.0,0.0,-0.014,0.0,-8.6,-2.7,-11.3,0.0,350000.0
DeMar DeRozan,PF,32,CHI,24,24,846,227,456,.498,20,60,.333,207,396,.523,.520,159,179,.888,15,112,127,98,22,9,49,55,633,23.5,.592,.132,.393,1.9,14.5,8.2,19.9,1.3,0.9,8.4,30.3,0.0,2.6,0.9,3.5,.197,0.0,3.8,-0.9,2.9,1.1,26984127.0
Hamidou Diallo,SG,23,DET,17,1,262,44,84,.524,6,18,.333,38,66,.576,.560,16,22,.727,15,32,47,12,11,8,11,32,110,15.2,.587,.214,.262,5.8,14.4,9.8,8.0,2.1,2.8,10.5,17.2,0.0,0.3,0.2,0.6,.107,0.0,-1.6,0.7,-0.8,0.1,5200000.0
Gorgui Dieng,C,32,ATL,21,0,177,19,45,.422,7,21,.333,12,24,.500,.500,9,14,.643,21,51,72,15,5,6,11,26,54,14.7,.528,.467,.311,13.0,30.2,21.8,11.2,1.4,3.1,17.7,15.4,0.0,0.2,0.2,0.4,.117,0.0,-2.0,0.2,-1.9,0.0,4000000.0
Spencer Dinwiddie,PG,28,WAS,22,22,658,100,255,.392,41,118,.347,59,137,.431,.473,53,60,.883,15,94,109,117,9,4,34,48,294,14.9,.522,.463,.235,2.6,14.9,9.0,27.0,0.7,0.5,10.8,21.5,0.0,0.9,0.4,1.4,.099,0.0,1.1,-1.2,-0.1,0.3,17142857.0
Luka Dončić,PG,22,DAL,20,20,698,189,422,.448,56,167,.335,133,255,.522,.514,77,112,.688,15,144,159,169,21,10,93,49,511,21.9,.542,.396,.265,2.2,23.3,12.3,45.6,1.5,1.3,16.5,36.0,0.0,0.5,0.8,1.3,.093,0.0,4.2,-0.3,3.9,1.0,10174391.0
Luguentz Dort,SF,22,OKC,23,23,756,138,318,.434,58,171,.339,80,147,.544,.525,69,82,.841,17,76,93,44,20,9,38,66,403,14.5,.569,.538,.258,2.3,10.5,6.3,10.1,1.3,1.1,9.7,22.4,0.0,0.8,0.5,1.3,.081,0.0,-0.7,-1.2,-1.8,0.0,1782621.0
Ayo Dosunmu,SG,22,CHI,25,2,447,61,121,.504,17,41,.415,44,80,.550,.574,11,19,.579,12,40,52,29,10,5,20,37,150,10.4,.580,.339,.157,2.9,9.8,6.4,9.1,1.1,1.0,13.4,14.7,0.0,0.3,0.4,0.7,.076,0.0,-1.9,-0.4,-2.3,0.0,925258.0
Goran Dragić,PG,35,TOR,5,2,90,13,34,.382,4,14,.286,9,20,.450,.441,10,10,1.000,2,12,14,9,5,1,1,8,40,17.0,.521,.412,.294,2.3,15.4,8.5,14.7,2.8,1.1,2.5,18.8,0.0,0.2,0.1,0.3,.165,0.0,-0.8,1.0,0.2,0.1,19440000.0
Andre Drummond,C,28,PHI,24,10,499,63,128,.492,0,1,.000,63,127,.496,.492,30,53,.566,79,161,240,49,24,28,43,64,156,18.8,.515,.008,.414,17.5,35.4,26.5,14.3,2.4,5.0,22.1,17.6,0.0,0.4,1.0,1.5,.140,0.0,-0.9,0.8,-0.1,0.2,2401537.0
Chris Duarte,SG,24,IND,25,19,741,133,307,.433,47,132,.356,86,175,.491,.510,25,35,.714,13,88,101,53,27,3,42,46,338,12.0,.524,.430,.114,2.0,12.8,7.5,10.8,1.8,0.3,11.5,21.4,0.0,0.0,0.7,0.7,.045,0.0,-1.2,-0.9,-2.2,0.0,3749520.0
Kevin Durant,PF,33,BRK,23,23,832,238,450,.529,40,106,.377,198,344,.576,.573,137,157,.873,12,165,177,124,15,16,69,37,653,25.6,.629,.236,.349,1.6,20.1,11.3,27.4,0.9,1.7,11.7,31.1,0.0,2.7,1.0,3.7,.214,0.0,6.1,0.4,6.5,1.8,40918900.0
Anthony Edwards,SG,20,MIN,25,25,911,200,472,.424,74,213,.347,126,259,.486,.502,70,90,.778,32,116,148,94,40,18,84,57,544,15.9,.532,.451,.191,3.5,14.0,8.5,17.5,2.1,1.9,14.1,27.2,0.0,0.3,1.0,1.3,.069,0.0,1.3,-0.7,0.6,0.6,10245480.0
CJ Elleby,SF,21,POR,14,0,75,10,22,.455,4,12,.333,6,10,.600,.545,0,0,0.0,2,16,18,4,0,0,7,11,24,5.1,.545,.545,.000,2.9,23.9,13.2,7.7,0.0,0.0,24.1,16.8,0.0,-0.1,0.0,-0.1,-0.050,0.0,-6.0,-2.0,-8.0,-0.1,1517981.0
Wayne Ellington,SG,34,LAL,17,2,345,37,91,.407,34,85,.400,3,6,.500,.593,4,4,1.000,3,22,25,11,7,2,6,18,112,9.1,.604,.934,.044,0.9,6.7,3.8,4.3,1.0,0.5,6.1,12.2,0.0,0.4,0.2,0.5,.075,0.0,-0.5,-1.1,-1.6,0.0,2641691.0
Joel Embiid,C,27,PHI,15,15,496,112,254,.441,20,49,.408,92,205,.449,.480,123,159,.774,29,137,166,65,14,22,41,40,367,26.4,.566,.193,.626,6.5,30.3,18.4,22.4,1.4,4.0,11.2,33.3,0.0,1.3,0.8,2.0,.196,0.0,4.2,0.4,4.7,0.8,31579390.0
Drew Eubanks,C,24,SAS,22,8,318,44,87,.506,0,4,.000,44,83,.530,.506,35,44,.795,28,72,100,30,9,18,28,34,123,16.2,.578,.046,.506,9.2,24.1,16.6,12.6,1.4,5.0,20.8,18.1,0.0,0.3,0.5,0.8,.114,0.0,-2.5,0.7,-1.8,0.0,1762796.0
Derrick Favors,C,30,OKC,18,8,301,48,94,.511,2,8,.250,46,86,.535,.521,8,14,.571,28,66,94,8,9,3,6,22,106,14.8,.529,.085,.149,9.4,22.8,16.0,4.4,1.5,1.0,5.7,15.2,0.0,0.3,0.3,0.7,.104,0.0,-1.8,-1.5,-3.3,-0.1,9720900.0
Bruno Fernando,C,23,BOS,8,0,18,2,3,.667,0,0,0.0,2,3,.667,.667,0,0,0.0,1,1,2,1,0,1,3,3,4,2.4,.667,.000,.000,5.9,6.0,6.0,8.0,0.0,5.3,50.0,14.6,0.0,0.0,0.0,0.0,-0.089,0.0,-11.8,-0.3,-12.1,0.0,1782621.0
Dorian Finney-Smith,PF,28,DAL,24,24,757,83,188,.441,44,118,.373,39,70,.557,.559,14,25,.560,40,68,108,39,36,11,22,54,224,12.1,.563,.628,.133,5.4,10.1,7.7,7.4,2.4,1.3,10.0,13.0,0.0,0.8,0.8,1.6,.100,0.0,-0.4,0.4,0.0,0.4,4000000.0
Malachi Flynn,PG,23,TOR,17,0,139,17,50,.340,6,24,.250,11,26,.423,.400,3,5,.600,5,17,22,15,8,2,5,14,43,10.0,.412,.480,.100,3.7,14.1,8.6,15.4,2.9,1.4,8.7,17.7,0.0,-0.1,0.1,0.1,.033,0.0,-3.8,1.1,-2.8,0.0,2048040.0
Bryn Forbes,SG,28,SAS,23,0,332,62,132,.470,27,66,.409,35,66,.530,.572,13,16,.813,2,26,28,16,10,1,20,18,164,11.9,.590,.500,.121,0.6,8.3,4.4,6.9,1.4,0.3,12.6,20.5,0.0,0.1,0.2,0.3,.044,0.0,-1.4,-1.3,-2.7,-0.1,4500000.0
Evan Fournier,SG,29,NYK,25,25,707,116,281,.413,63,164,.384,53,117,.453,.525,25,32,.781,11,60,71,42,23,5,33,44,320,12.0,.542,.584,.114,1.7,9.1,5.4,9.4,1.6,0.7,10.1,20.3,0.0,0.4,0.3,0.7,.048,0.0,-0.9,-1.6,-2.5,-0.1,18139535.0
De'Aaron Fox,PG,24,SAC,25,25,870,192,438,.438,29,105,.276,163,333,.489,.471,103,139,.741,13,79,92,133,33,13,72,71,516,15.9,.517,.240,.317,1.6,9.5,5.6,24.6,1.8,1.3,12.6,27.9,0.0,0.5,0.4,0.9,.051,0.0,-0.6,-1.4,-2.0,0.0,28103550.0
Enes Freedom,C,29,BOS,15,0,179,24,53,.453,1,3,.333,23,50,.460,.462,15,18,.833,30,53,83,3,3,9,9,18,64,17.5,.525,.057,.340,17.8,32.0,24.9,2.5,0.8,4.8,12.9,17.1,0.0,0.3,0.3,0.6,.149,0.0,-1.1,-1.4,-2.5,0.0,2641691.0
Daniel Gafford,C,23,WAS,23,23,486,88,133,.662,0,0,0.0,88,133,.662,.662,30,43,.698,48,94,142,23,12,48,25,60,206,21.8,.678,.000,.323,11.2,20.2,15.9,7.5,1.2,8.1,14.1,16.3,0.0,1.2,0.8,2.1,.204,0.0,0.6,2.2,2.8,0.6,1782621.0
Danilo Gallinari,PF,33,ATL,22,0,472,67,161,.416,32,82,.390,35,79,.443,.516,40,43,.930,12,76,88,31,11,5,10,25,206,15.2,.572,.509,.267,2.8,16.9,10.0,9.1,1.2,1.0,5.3,17.6,0.0,1.0,0.3,1.3,.129,0.0,1.3,-0.7,0.6,0.3,20475000.0
Darius Garland,PG,22,CLE,24,24,829,174,370,.470,65,166,.392,109,204,.534,.558,54,61,.885,11,59,70,173,29,2,93,44,467,17.2,.588,.449,.165,1.5,7.6,4.6,35.0,1.7,0.2,19.0,25.9,0.0,1.1,0.9,2.0,.116,0.0,2.3,-1.0,1.3,0.7,7040880.0
Usman Garuba,PF,19,HOU,7,0,45,5,14,.357,2,8,.250,3,6,.500,.429,0,0,0.0,6,12,18,6,2,4,2,4,12,17.4,.429,.571,.000,14.4,28.0,21.3,19.7,2.1,8.3,12.5,15.0,0.0,0.0,0.1,0.1,.128,0.0,0.6,1.8,2.4,0.0,2353320.0
Luka Garza,C,23,DET,14,2,140,18,43,.419,5,15,.333,13,28,.464,.477,11,14,.786,14,17,31,7,6,1,5,24,52,12.9,.529,.349,.326,10.1,14.3,12.1,8.2,2.1,0.7,9.2,16.7,0.0,0.2,0.1,0.3,.098,0.0,-2.5,-0.7,-3.3,0.0,925258.0
Rudy Gay,PF,35,UTA,10,0,192,36,78,.462,23,53,.434,13,25,.520,.609,9,12,.750,9,43,52,12,4,2,10,17,104,18.1,.624,.679,.154,5.5,23.1,14.8,9.3,1.0,0.9,10.7,21.1,0.0,0.5,0.2,0.7,.177,0.0,3.0,-1.0,2.0,0.2,5890000.0
Paul George,SF,31,LAC,24,24,861,220,521,.422,64,201,.318,156,320,.488,.484,95,108,.880,10,165,175,130,45,9,102,62,599,18.0,.527,.386,.207,1.3,19.9,10.8,27.1,2.5,0.9,15.2,33.8,0.0,-0.3,1.6,1.3,.070,0.0,1.7,0.7,2.4,1.0,39344970.0
Taj Gibson,C,36,NYK,12,1,223,15,32,.469,0,3,.000,15,29,.517,.469,7,9,.778,23,33,56,8,4,14,12,38,37,8.8,.514,.094,.281,10.9,15.9,13.4,4.9,0.9,5.9,25.0,9.4,0.0,0.1,0.2,0.3,.057,0.0,-5.7,0.4,-5.3,-0.2,4910000.0
Josh Giddey,SG,19,OKC,22,22,648,96,238,.403,21,76,.276,75,162,.463,.447,19,28,.679,31,116,147,129,21,14,64,40,232,12.8,.463,.319,.118,4.8,18.6,11.6,32.7,1.6,2.1,20.4,20.9,0.0,-0.5,0.7,0.1,.009,0.0,-2.2,-0.2,-2.4,-0.1,5988000.0
Shai Gilgeous-Alexander,PG,23,OKC,21,21,737,155,378,.410,41,138,.297,114,240,.475,.464,108,134,.806,11,89,100,107,21,13,51,43,459,17.8,.525,.365,.354,1.5,12.6,6.9,26.5,1.4,1.7,10.5,28.6,0.0,0.7,0.5,1.2,.080,0.0,1.6,-0.9,0.7,0.5,5495532.0
Anthony Gill,PF,29,WAS,10,0,52,8,11,.727,3,3,1.000,5,8,.625,.864,7,8,.875,5,10,15,2,0,2,2,5,26,24.2,.895,.273,.727,10.9,20.1,15.7,5.9,0.0,3.2,12.1,14.2,0.0,0.3,0.0,0.3,.293,0.0,5.4,0.7,6.2,0.1,1517981.0
Rudy Gobert,C,29,UTA,24,24,764,126,171,.737,0,1,.000,126,170,.741,.737,103,152,.678,71,276,347,23,22,53,45,63,355,24.6,.746,.006,.889,10.9,37.3,24.9,4.4,1.4,5.9,15.9,16.1,0.0,2.6,1.7,4.4,.276,0.0,2.6,2.0,4.6,1.3,35344828.0
Aaron Gordon,PF,26,DEN,24,24,780,126,246,.512,25,72,.347,101,174,.580,.563,51,70,.729,45,94,139,52,16,18,37,52,328,15.4,.592,.293,.285,6.4,13.4,9.9,10.0,1.0,2.2,11.8,18.1,0.0,1.2,0.7,1.9,.118,0.0,0.0,-0.8,-0.8,0.2,16409091.0
Eric Gordon,SG,33,HOU,21,10,622,108,226,.478,48,110,.436,60,116,.517,.584,38,52,.731,4,36,40,57,12,13,52,22,302,12.7,.607,.487,.230,0.7,6.1,3.4,14.9,0.9,2.0,17.3,20.4,0.0,0.3,0.3,0.6,.048,0.0,0.0,-2.0,-2.0,0.0,18218818.0
Devonte' Graham,PG,26,NOP,24,24,750,111,298,.372,67,194,.345,44,104,.423,.485,38,48,.792,14,44,58,107,29,4,42,35,327,12.8,.512,.651,.161,2.0,6.6,4.2,22.0,1.9,0.5,11.6,20.6,0.0,0.6,0.2,0.7,.046,0.0,0.0,-2.3,-2.3,0.0,11000000.0
Jerami Grant,PF,27,DET,23,23,769,153,368,.416,41,121,.339,112,247,.453,.471,124,146,.849,22,89,111,60,27,23,48,50,471,17.6,.545,.329,.397,2.9,13.6,7.9,14.4,1.7,2.7,10.0,26.9,0.0,0.8,0.6,1.5,.092,0.0,1.2,-0.4,0.8,0.6,20000000.0
Danny Green,SF,34,PHI,18,15,437,49,108,.454,38,91,.418,11,17,.647,.630,4,4,1.000,12,35,47,22,24,16,20,37,140,12.9,.638,.843,.037,3.0,8.8,5.9,7.2,2.8,3.3,15.4,13.4,0.0,0.4,0.5,0.9,.097,0.0,0.4,0.8,1.2,0.3,10000000.0
Draymond Green,PF,31,GSW,24,24,726,77,140,.550,7,23,.304,70,117,.598,.575,32,55,.582,29,164,193,182,33,24,75,62,193,15.6,.588,.164,.393,4.5,23.5,14.4,33.6,2.2,3.2,31.4,14.2,0.0,0.9,1.8,2.7,.177,0.0,-0.3,4.3,4.0,1.1,24026712.0
Jalen Green,SG,19,HOU,18,18,555,87,228,.382,32,115,.278,55,113,.487,.452,46,57,.807,7,49,56,42,11,4,49,28,252,8.1,.498,.504,.250,1.4,9.3,5.4,12.0,0.9,0.7,16.2,23.0,0.0,-0.7,0.3,-0.4,-0.037,0.0,-3.2,-2.6,-5.8,-0.5,8992200.0
JaMychal Green,PF,31,DEN,23,4,341,49,119,.412,11,54,.204,38,65,.585,.458,17,22,.773,22,58,80,20,20,11,25,52,126,11.6,.490,.454,.185,7.2,18.9,13.1,8.6,2.9,3.0,16.3,20.3,0.0,-0.3,0.6,0.3,.041,0.0,-4.5,0.6,-3.9,-0.2,8292683.0
Javonte Green,SF,28,CHI,23,12,474,48,97,.495,10,26,.385,38,71,.535,.546,18,24,.750,35,63,98,16,19,8,16,45,124,11.6,.576,.268,.247,8.1,14.5,11.3,4.5,2.0,1.5,12.9,11.4,0.0,0.5,0.6,1.2,.117,0.0,-1.7,-0.4,-2.1,0.0,1669178.0
Jeff Green,C,35,DEN,24,15,595,82,171,.480,19,59,.322,63,112,.563,.535,51,63,.810,10,66,76,27,7,12,22,50,234,11.8,.589,.345,.368,1.9,12.4,7.1,6.6,0.6,1.9,10.0,16.7,0.0,0.7,0.4,1.1,.089,0.0,-2.2,-1.0,-3.2,-0.2,4500000.0
Josh Green,SG,21,DAL,13,0,71,10,18,.556,0,2,.000,10,16,.625,.556,0,2,.000,4,8,12,4,3,1,2,10,20,11.0,.530,.111,.111,5.8,12.7,9.1,8.5,2.1,1.2,9.6,13.1,0.0,0.0,0.1,0.1,.083,0.0,-4.1,1.0,-3.0,0.0,2957520.0
Blake Griffin,PF,32,BRK,18,17,382,37,111,.333,9,56,.161,28,55,.509,.374,17,24,.708,21,66,87,34,9,10,9,42,100,9.0,.411,.505,.216,6.1,17.5,12.1,12.2,1.1,2.3,6.9,15.0,0.0,-0.1,0.5,0.4,.053,0.0,-3.9,0.1,-3.8,-0.2,32405817.0
Blake Griffin,PF,32,BRK,18,17,382,37,111,.333,9,56,.161,28,55,.509,.374,17,24,.708,21,66,87,34,9,10,9,42,100,9.0,.411,.505,.216,6.1,17.5,12.1,12.2,1.1,2.3,6.9,15.0,0.0,-0.1,0.5,0.4,.053,0.0,-3.9,0.1,-3.8,-0.2,32405817.0
Quentin Grimes,SG,21,NYK,13,0,79,8,21,.381,8,19,.421,0,2,.000,.571,0,0,0.0,2,8,10,3,0,1,3,7,24,7.2,.571,.905,.000,2.7,10.9,6.8,5.4,0.0,1.2,12.5,13.3,0.0,0.0,0.0,0.1,.031,0.0,-1.4,-1.8,-3.2,0.0,2168760.0
Tyrese Haliburton,SG,21,SAC,23,23,773,107,243,.440,41,102,.402,66,141,.468,.525,22,29,.759,24,63,87,131,42,18,44,29,277,15.5,.542,.420,.119,3.3,8.5,5.9,24.1,2.6,2.0,14.7,16.5,0.0,1.0,0.6,1.5,.095,0.0,1.4,0.6,2.0,0.7,4023600.0
R.J. Hampton,SG,20,ORL,26,0,480,67,165,.406,26,65,.400,41,100,.410,.485,33,56,.589,9,70,79,59,13,4,42,37,193,10.0,.509,.394,.339,2.0,15.6,8.7,19.3,1.3,0.8,18.1,20.7,0.0,-0.3,0.2,-0.1,-0.012,0.0,-2.5,-1.5,-3.9,-0.2,2303040.0
Tim Hardaway Jr.,SG,29,DAL,24,19,758,120,312,.385,57,170,.335,63,142,.444,.476,46,63,.730,9,82,91,52,23,3,14,45,343,12.5,.505,.545,.202,1.2,12.2,6.5,10.7,1.5,0.3,4.0,20.8,0.0,0.5,0.6,1.1,.070,0.0,-0.8,-1.5,-2.2,0.0,21306816.0
James Harden,PG,32,BRK,25,25,901,146,364,.401,64,185,.346,82,179,.458,.489,166,188,.883,23,178,201,239,36,17,124,61,522,20.5,.584,.508,.516,2.8,20.0,11.8,39.8,1.9,1.7,21.7,27.9,0.0,1.5,1.4,2.9,.152,0.0,3.2,0.6,3.7,1.3,43848000.0
Maurice Harkless,SF,28,SAC,16,14,327,25,65,.385,9,40,.225,16,25,.640,.454,8,11,.727,3,42,45,9,8,8,7,25,67,6.1,.480,.615,.169,1.0,13.4,7.2,3.6,1.2,2.1,9.1,10.0,0.0,-0.1,0.2,0.1,.016,0.0,-3.8,-0.5,-4.4,-0.2,4347600.0
Montrezl Harrell,C,28,WAS,26,3,683,149,230,.648,2,8,.250,147,222,.662,.652,94,125,.752,64,144,208,56,15,18,35,52,394,25.7,.691,.035,.543,10.6,22.0,16.5,13.9,1.1,2.2,10.9,21.0,0.0,2.9,0.8,3.7,.259,0.0,4.7,0.5,5.2,1.3,9720900.0
Gary Harris,SG,27,ORL,20,10,512,64,151,.424,20,70,.286,44,81,.543,.490,11,15,.733,16,28,44,33,14,2,22,37,159,8.0,.504,.464,.099,3.3,5.8,4.5,9.9,1.3,0.4,12.2,15.0,0.0,-0.1,0.1,0.0,-0.001,0.0,-3.8,-1.6,-5.4,-0.4,20482143.0
Joe Harris,SF,30,BRK,14,14,423,56,124,.452,41,88,.466,15,36,.417,.617,5,6,.833,5,51,56,14,7,2,16,31,158,10.0,.624,.710,.048,1.3,12.2,7.0,4.8,0.8,0.4,11.2,14.8,0.0,0.3,0.4,0.7,.074,0.0,-1.2,-1.0,-2.2,0.0,17357143.0
Tobias Harris,PF,29,PHI,16,16,552,123,260,.473,21,67,.313,102,193,.528,.513,41,50,.820,18,114,132,56,7,9,27,23,308,18.4,.546,.258,.192,3.6,22.7,13.2,17.2,0.6,1.5,8.7,25.3,0.0,0.7,0.5,1.2,.103,0.0,1.9,-2.2,-0.2,0.2,36000000.0
Josh Hart,PF,26,NOP,20,19,615,83,171,.485,16,49,.327,67,122,.549,.532,40,47,.851,21,106,127,81,18,7,32,59,222,14.4,.579,.287,.275,3.6,19.4,11.2,19.9,1.4,1.1,14.3,15.5,0.0,1.0,0.3,1.3,.100,0.0,-0.4,0.1,-0.2,0.3,12000000.0
Isaiah Hartenstein,C,23,LAC,25,0,390,76,117,.650,2,3,.667,74,114,.649,.658,27,44,.614,45,71,116,39,21,31,23,62,181,24.0,.664,.026,.376,12.5,18.9,15.8,16.2,2.6,6.9,14.4,17.7,0.0,1.2,0.9,2.1,.261,0.0,0.9,3.8,4.7,0.7,3430810.0
Isaiah Hartenstein,C,23,LAC,25,0,390,76,117,.650,2,3,.667,74,114,.649,.658,27,44,.614,45,71,116,39,21,31,23,62,181,24.0,.664,.026,.376,12.5,18.9,15.8,16.2,2.6,6.9,14.4,17.7,0.0,1.2,0.9,2.1,.261,0.0,0.9,3.8,4.7,0.7,3430810.0
Udonis Haslem,C,41,MIA,5,0,23,3,6,.500,0,1,.000,3,5,.600,.500,0,0,0.0,1,5,6,1,0,1,0,5,6,9.3,.500,.167,.000,5.0,24.0,14.7,6.4,0.0,4.8,0.0,11.6,0.0,0.0,0.0,0.1,.111,0.0,-5.0,0.1,-4.9,0.0,2641691.0
Jaxson Hayes,C,21,NOP,19,0,232,40,77,.519,4,11,.364,36,66,.545,.545,28,37,.757,24,38,62,5,5,12,12,30,112,18.0,.600,.143,.481,10.9,18.4,14.5,3.4,1.1,4.9,11.4,19.4,0.0,0.5,0.2,0.6,.129,0.0,-1.2,-1.3,-2.5,0.0,5348280.0
Killian Hayes,PG,20,DET,19,19,488,41,123,.333,19,54,.352,22,69,.319,.411,18,19,.947,12,55,67,68,23,8,31,51,119,8.5,.453,.439,.154,2.5,13.3,7.5,21.2,2.3,1.5,19.1,14.3,0.0,-0.3,0.4,0.1,.014,0.0,-5.1,0.6,-4.4,-0.3,5572680.0
Gordon Hayward,SF,31,CHO,27,27,928,166,368,.451,47,124,.379,119,244,.488,.515,96,112,.857,23,109,132,102,23,17,51,51,475,16.0,.569,.337,.304,2.5,13.0,7.6,15.7,1.2,1.7,10.9,21.3,0.0,1.5,0.2,1.7,.088,0.0,0.8,-1.8,-1.0,0.2,29900000.0
Juan Hernangómez,PF,26,BOS,13,0,56,4,18,.222,2,12,.167,2,6,.333,.278,4,5,.800,6,10,16,1,4,0,5,4,14,5.2,.347,.667,.278,11.4,19.3,15.3,2.4,3.5,0.0,19.8,19.7,0.0,-0.2,0.1,-0.1,-0.073,0.0,-6.2,-2.2,-8.4,-0.1,7012440.0
Willy Hernangómez,C,27,NOP,13,0,182,45,71,.634,2,2,1.000,43,69,.623,.648,18,25,.720,32,54,86,22,6,3,14,26,110,28.8,.671,.028,.352,18.5,33.4,25.7,22.0,1.6,1.6,14.6,22.5,0.0,0.8,0.2,0.9,.248,0.0,5.5,0.0,5.5,0.3,2327220.0
Tyler Herro,SG,22,MIA,23,7,764,183,412,.444,62,158,.392,121,254,.476,.519,51,59,.864,18,105,123,87,14,2,73,30,479,15.6,.547,.383,.143,2.7,15.2,9.1,20.0,0.9,0.3,14.3,29.7,0.0,0.2,0.7,0.9,.055,0.0,1.7,-1.7,0.0,0.4,4004280.0
Buddy Hield,SG,29,SAC,25,2,705,129,340,.379,88,249,.353,41,91,.451,.509,41,49,.837,18,85,103,55,16,6,39,52,387,13.5,.535,.732,.144,2.7,12.6,7.7,11.9,1.1,0.7,9.7,24.1,0.0,0.5,0.3,0.8,.053,0.0,1.9,-2.5,-0.6,0.2,22477273.0
George Hill,SG,35,MIL,22,11,600,61,138,.442,22,67,.328,39,71,.549,.522,26,28,.929,20,60,80,55,18,3,23,40,170,10.8,.565,.486,.203,3.5,10.1,6.9,12.6,1.4,0.5,13.3,12.4,0.0,0.7,0.6,1.3,.104,0.0,-1.9,-0.4,-2.3,0.0,4000000.0
George Hill,SG,35,MIL,22,11,600,61,138,.442,22,67,.328,39,71,.549,.522,26,28,.929,20,60,80,55,18,3,23,40,170,10.8,.565,.486,.203,3.5,10.1,6.9,12.6,1.4,0.5,13.3,12.4,0.0,0.7,0.6,1.3,.104,0.0,-1.9,-0.4,-2.3,0.0,4000000.0
Solomon Hill,PF,30,ATL,13,1,139,3,20,.150,2,13,.154,1,7,.143,.200,0,0,0.0,6,17,23,12,4,2,1,16,8,3.4,.200,.650,.000,4.7,12.8,8.9,10.3,1.4,1.3,4.8,6.6,0.0,-0.1,0.1,0.0,-0.001,0.0,-5.3,0.1,-5.2,-0.1,2389641.0
Aaron Holiday,PG,25,WAS,25,7,423,58,130,.446,13,37,.351,45,93,.484,.496,13,17,.765,4,34,38,49,14,8,27,39,142,9.8,.516,.285,.131,1.1,8.4,4.9,17.2,1.7,1.6,16.4,17.4,0.0,-0.1,0.3,0.2,.027,0.0,-3.2,0.1,-3.1,-0.1,3980551.0
Jrue Holiday,PG,31,MIL,20,19,639,132,285,.463,37,102,.363,95,183,.519,.528,21,32,.656,14,81,95,122,26,11,55,42,322,16.7,.538,.358,.112,2.3,12.9,7.7,30.6,2.0,1.7,15.5,23.7,0.0,0.6,0.8,1.4,.107,0.0,0.6,0.1,0.7,0.4,30133333.0
Justin Holiday,SF,32,IND,23,15,647,82,206,.398,55,154,.357,27,52,.519,.532,8,11,.727,6,59,65,38,12,7,21,48,227,9.1,.538,.748,.053,1.0,9.8,5.5,8.2,0.9,0.9,9.1,15.6,0.0,0.3,0.4,0.7,.053,0.0,-1.2,-0.8,-2.0,0.0,6006420.0
Richaun Holmes,C,28,SAC,22,22,596,130,184,.707,2,4,.500,128,180,.711,.712,46,57,.807,59,146,205,30,6,21,31,67,308,22.8,.737,.022,.310,10.5,25.6,18.1,8.1,0.5,3.0,12.9,17.1,0.0,2.2,0.5,2.7,.220,0.0,2.6,-0.6,2.0,0.6,10384500.0
Rodney Hood,SF,29,MIL,19,0,280,18,61,.295,11,40,.275,7,21,.333,.385,10,10,1.000,7,30,37,14,7,1,2,17,57,6.4,.436,.656,.164,2.7,10.9,6.9,6.5,1.2,0.3,3.0,10.3,0.0,0.1,0.3,0.3,.057,0.0,-3.2,-1.0,-4.2,-0.2,2239544.0
Al Horford,C,35,BOS,22,22,647,101,219,.461,29,96,.302,72,123,.585,.527,43,50,.860,35,144,179,78,17,35,25,49,274,19.4,.568,.438,.228,5.8,24.1,14.8,18.7,1.3,5.2,9.4,18.0,0.0,1.4,1.0,2.4,.181,0.0,2.3,2.0,4.4,1.0,27000000.0
Talen Horton-Tucker,SG,21,LAL,12,9,350,49,129,.380,10,44,.227,39,85,.459,.419,21,23,.913,8,54,62,33,12,8,19,40,129,9.6,.464,.341,.178,2.4,16.1,9.4,13.2,1.6,2.1,12.0,19.2,0.0,-0.2,0.4,0.2,.025,0.0,-4.0,-0.8,-4.9,-0.3,9500000.0
Danuel House,SF,28,HOU,16,1,233,25,74,.338,10,34,.294,15,40,.375,.405,17,19,.895,4,39,43,19,5,5,18,16,77,7.2,.467,.459,.257,1.8,17.6,9.8,12.0,1.0,2.0,17.9,18.2,0.0,-0.3,0.2,-0.1,-0.020,0.0,-4.9,-1.2,-6.0,-0.2,3894000.0
Dwight Howard,C,36,LAL,22,1,326,41,64,.641,5,7,.714,36,57,.632,.680,26,42,.619,33,86,119,10,18,15,21,41,113,17.6,.685,.109,.656,10.8,27.5,19.3,4.2,2.6,4.2,20.3,13.5,0.0,0.5,0.6,1.2,.172,0.0,-0.8,1.3,0.5,0.2,2641691.0
Kevin Huerter,SG,23,ATL,24,14,647,102,214,.477,42,107,.393,60,107,.561,.575,11,13,.846,7,74,81,58,8,6,30,44,257,11.9,.585,.500,.061,1.2,12.0,6.7,12.7,0.6,0.8,12.0,16.9,0.0,0.7,0.2,0.9,.067,0.0,-0.6,-1.2,-1.8,0.0,4253357.0
Elijah Hughes,SF,23,UTA,6,0,17,0,2,.000,0,1,.000,0,1,.000,.000,2,2,1.000,0,1,1,0,0,0,1,2,2,-3.7,.347,.500,1.000,0.0,6.1,3.2,0.0,0.0,0.0,25.8,9.9,0.0,0.0,0.0,0.0,-0.094,0.0,-10.0,-3.0,-13.0,0.0,1517981.0
De'Andre Hunter,SF,24,ATL,11,11,306,50,111,.450,15,38,.395,35,73,.479,.518,4,10,.400,4,26,30,7,7,3,14,32,119,7.6,.516,.342,.090,1.4,8.9,5.3,3.3,1.1,0.9,10.8,18.5,0.0,-0.2,0.1,-0.1,-0.011,0.0,-3.9,-1.6,-5.6,-0.3,7775400.0
Chandler Hutchison,SF,25,PHO,3,0,9,1,1,1.000,0,0,0.0,1,1,1.000,1.000,0,0,0.0,0,4,4,1,0,0,3,1,2,-1.4,1.000,.000,.000,0.0,45.3,23.3,14.5,0.0,0.0,75.0,19.2,0.0,-0.1,0.0,0.0,-0.208,0.0,-12.1,-1.9,-14.0,0.0,0.0
Bones Hyland,PG,21,DEN,16,0,253,42,110,.382,25,73,.342,17,37,.459,.495,20,21,.952,4,25,29,26,12,3,14,26,129,14.6,.541,.664,.191,1.8,11.0,6.4,15.5,2.4,1.1,10.5,23.7,0.0,0.2,0.3,0.5,.089,0.0,-0.8,0.3,-0.5,0.1,2096880.0
Serge Ibaka,C,32,LAC,11,3,154,17,47,.362,8,20,.400,9,27,.333,.447,5,8,.625,12,22,34,13,2,3,6,21,47,9.4,.465,.426,.170,8.4,14.9,11.7,12.0,0.6,1.7,10.6,15.9,0.0,0.0,0.2,0.2,.072,0.0,-3.1,-0.7,-3.8,-0.1,9742000.0
Andre Iguodala,SF,38,GSW,12,0,250,18,43,.419,5,23,.217,13,20,.650,.477,4,6,.667,8,34,42,45,9,10,9,12,45,12.4,.493,.535,.140,3.6,14.1,9.1,23.1,1.7,3.9,16.5,9.4,0.0,0.3,0.5,0.9,.164,0.0,-0.6,2.7,2.1,0.3,2641691.0
Joe Ingles,SF,34,UTA,24,5,591,68,145,.469,48,115,.417,20,30,.667,.634,9,11,.818,11,62,73,79,12,3,26,40,193,12.9,.644,.793,.076,2.2,10.8,6.8,18.0,1.0,0.4,14.8,13.0,0.0,1.3,0.5,1.8,.148,0.0,1.6,0.1,1.7,0.6,14000000.0
Brandon Ingram,SF,24,NOP,20,20,702,168,377,.446,35,97,.361,133,280,.475,.492,80,94,.851,17,109,126,94,11,7,64,45,451,16.8,.539,.257,.249,2.5,17.5,9.8,24.0,0.8,0.9,13.3,29.4,0.0,0.5,0.2,0.7,.049,0.0,1.6,-1.9,-0.3,0.3,29467800.0
Frank Jackson,PG,23,DET,24,2,519,81,201,.403,41,128,.320,40,73,.548,.505,32,38,.842,6,26,32,18,13,5,20,34,235,10.4,.540,.637,.189,1.2,5.9,3.4,5.9,1.2,0.9,8.4,19.7,0.0,0.2,0.2,0.3,.031,0.0,-2.1,-1.4,-3.5,-0.2,3000000.0
Isaiah Jackson,PF,20,IND,6,0,33,4,12,.333,0,0,0.0,4,12,.333,.333,1,2,.500,3,6,9,0,1,1,1,9,9,3.5,.349,.000,.167,10.2,19.6,15.0,0.0,1.5,2.6,7.2,18.3,0.0,-0.1,0.0,0.0,-0.039,0.0,-9.8,-1.8,-11.6,-0.1,2451120.0
Jaren Jackson Jr.,PF,22,MEM,25,25,681,139,326,.426,56,154,.364,83,172,.483,.512,70,84,.833,29,109,138,25,21,50,37,85,404,17.7,.557,.472,.258,4.5,17.4,10.8,5.6,1.5,6.7,9.3,24.6,0.0,0.9,0.7,1.6,.115,0.0,0.3,-0.9,-0.6,0.3,9180560.0
Josh Jackson,SF,24,DET,21,3,390,56,134,.418,18,62,.290,38,72,.528,.485,23,33,.697,11,58,69,35,9,10,23,38,153,11.2,.515,.463,.246,2.9,17.5,9.6,15.1,1.1,2.3,13.4,18.9,0.0,0.0,0.3,0.3,.034,0.0,-2.6,-0.8,-3.4,-0.1,5005350.0
Reggie Jackson,SG,31,LAC,26,26,870,170,437,.389,71,218,.326,99,219,.452,.470,37,47,.787,17,75,92,106,16,3,54,49,448,11.6,.489,.499,.108,2.1,9.0,5.6,19.8,0.9,0.3,10.6,25.5,0.0,-0.2,0.8,0.6,.032,0.0,-1.2,-1.9,-3.1,-0.3,10384500.0
LeBron James,SF,37,LAL,13,13,479,128,261,.490,36,106,.340,92,155,.594,.559,45,60,.750,10,62,72,86,22,8,47,29,337,22.1,.586,.406,.230,2.2,13.5,7.9,30.6,2.2,1.5,14.1,29.7,0.0,0.9,0.5,1.4,.140,0.0,3.9,-0.7,3.2,0.6,41180544.0
Ty Jerome,SG,24,OKC,20,1,276,46,116,.397,20,66,.303,26,50,.520,.483,24,29,.828,6,17,23,23,14,2,10,25,136,14.3,.528,.569,.250,2.2,6.4,4.3,14.1,2.5,0.7,7.2,21.7,0.0,0.3,0.2,0.5,.081,0.0,-1.2,0.1,-1.1,0.1,2412840.0
Isaiah Joe,SG,22,PHI,14,0,136,18,49,.367,13,38,.342,5,11,.455,.500,4,4,1.000,2,15,17,9,2,0,6,11,53,9.0,.522,.776,.082,1.6,12.1,6.9,9.7,0.7,0.0,10.6,18.9,0.0,0.0,0.1,0.1,.022,0.0,-1.7,-2.6,-4.3,-0.1,1517981.0
Alize Johnson,PF,25,CHI,15,0,116,12,23,.522,0,2,.000,12,21,.571,.522,4,7,.571,16,19,35,8,3,0,8,13,28,11.2,.537,.087,.304,15.1,17.9,16.5,9.2,1.3,0.0,23.5,12.9,0.0,0.1,0.1,0.2,.092,0.0,-2.1,-2.5,-4.6,-0.1,1729217.0
Cameron Johnson,PF,25,PHO,24,0,559,80,191,.419,47,118,.398,33,73,.452,.542,21,29,.724,8,72,80,32,18,7,17,35,228,12.1,.559,.618,.152,1.5,13.1,7.5,7.8,1.5,1.1,7.7,17.1,0.0,0.4,0.8,1.2,.103,0.0,-0.2,0.1,-0.2,0.3,4437000.0
Jalen Johnson,PF,20,ATL,7,0,19,5,10,.500,2,4,.500,3,6,.500,.600,2,2,1.000,0,5,5,0,0,0,0,0,14,23.7,.643,.400,.200,0.0,27.6,14.1,0.0,0.0,0.0,0.0,25.0,0.0,0.1,0.0,0.1,.194,0.0,6.1,-2.0,4.1,0.0,2659560.0
James Johnson,PF,34,BRK,16,1,283,34,69,.493,5,15,.333,29,54,.537,.529,6,14,.429,14,44,58,27,6,7,10,40,79,10.6,.526,.217,.203,5.5,15.8,10.8,13.5,1.0,2.2,11.7,13.2,0.0,0.2,0.3,0.6,.095,0.0,-2.5,0.8,-1.8,0.0,2641691.0
Keldon Johnson,SF,22,SAS,23,23,716,128,275,.465,26,64,.406,102,211,.483,.513,49,77,.636,26,121,147,44,22,4,32,39,331,13.6,.536,.233,.280,3.8,18.0,10.8,8.7,1.5,0.5,9.4,20.4,0.0,0.3,0.7,1.1,.072,0.0,-1.3,-1.3,-2.7,-0.1,2145720.0
Keon Johnson,SG,19,LAC,3,0,16,0,4,.000,0,1,.000,0,3,.000,.000,4,4,1.000,1,2,3,2,1,0,1,3,4,6.0,.347,.250,1.000,6.8,13.0,10.0,15.4,3.0,0.0,14.8,18.4,0.0,0.0,0.0,0.0,.007,0.0,-11.3,-1.9,-13.2,0.0,2553120.0
Nikola Jokić,C,26,DEN,19,19,622,197,335,.588,30,83,.361,167,252,.663,.633,75,102,.735,47,207,254,134,22,13,64,48,499,34.0,.657,.248,.304,8.4,37.1,22.7,42.1,1.8,2.0,14.4,32.1,0.0,2.9,1.1,4.0,.307,0.0,9.6,4.7,14.3,2.6,30510423.0
Damian Jones,C,26,SAC,10,0,84,12,17,.706,1,2,.500,11,15,.733,.735,7,11,.636,11,14,25,5,0,3,2,12,32,19.2,.733,.118,.647,13.8,17.4,15.6,8.5,0.0,3.0,8.4,12.0,0.0,0.3,0.0,0.4,.217,0.0,1.2,-0.8,0.4,0.1,1977011.0
Derrick Jones Jr.,PF,24,CHI,22,2,406,58,99,.586,8,25,.320,50,74,.676,.626,30,36,.833,30,47,77,12,12,21,12,52,154,16.7,.670,.253,.364,8.1,12.7,10.4,4.2,1.4,4.6,9.5,13.7,0.0,1.0,0.6,1.6,.190,0.0,0.0,1.0,1.0,0.3,9731707.0
Herb Jones,C,23,NOP,24,15,646,69,145,.476,9,23,.391,60,122,.492,.507,20,26,.769,30,50,80,41,35,20,28,73,167,10.5,.534,.159,.179,4.9,8.7,6.7,9.2,2.7,2.9,15.2,12.2,0.0,0.3,0.5,0.7,.054,0.0,-3.4,0.9,-2.6,-0.1,1700000.0
Kai Jones,C,21,CHO,6,0,8,1,1,1.000,0,0,0.0,1,1,1.000,1.000,0,0,0.0,0,1,1,0,0,0,3,0,2,-7.9,1.000,.000,.000,0.0,13.8,6.7,0.0,0.0,0.0,75.0,21.2,0.0,-0.1,0.0,-0.1,-0.420,0.0,-16.0,-4.2,-20.3,0.0,2770560.0
Tre Jones,PG,22,SAS,21,0,213,34,71,.479,0,5,.000,34,66,.515,.479,11,11,1.000,3,21,24,31,9,0,13,16,79,11.9,.521,.070,.155,1.5,10.5,5.9,20.0,2.0,0.0,14.6,17.9,0.0,0.1,0.2,0.2,.056,0.0,-4.0,-0.4,-4.3,-0.1,1517981.0
Tyus Jones,PG,25,MEM,25,6,478,65,141,.461,22,54,.407,43,87,.494,.539,20,22,.909,5,58,63,103,21,2,18,11,172,17.2,.571,.383,.156,1.1,13.2,7.0,29.6,2.1,0.4,10.7,14.8,0.0,1.2,0.3,1.5,.149,0.0,1.5,-0.3,1.2,0.4,7522200.0
DeAndre Jordan,C,33,LAL,20,16,276,45,64,.703,0,0,0.0,45,64,.703,.703,6,10,.600,34,86,120,8,7,17,16,35,96,18.8,.702,.000,.156,13.2,32.5,23.0,4.2,1.2,5.6,19.0,13.0,0.0,0.5,0.5,1.0,.181,0.0,-0.9,0.0,-0.9,0.1,10517224.0
DeAndre Jordan,C,33,LAL,20,16,276,45,64,.703,0,0,0.0,45,64,.703,.703,6,10,.600,34,86,120,8,7,17,16,35,96,18.8,.702,.000,.156,13.2,32.5,23.0,4.2,1.2,5.6,19.0,13.0,0.0,0.5,0.5,1.0,.181,0.0,-0.9,0.0,-0.9,0.1,10517224.0
Cory Joseph,PG,30,DET,23,4,491,49,115,.426,12,39,.308,37,76,.487,.478,36,43,.837,7,36,43,81,19,5,33,36,146,11.3,.545,.339,.374,1.4,8.6,4.8,25.8,1.9,0.9,19.8,14.6,0.0,0.3,0.3,0.6,.058,0.0,-3.1,-0.1,-3.2,-0.1,7310000.0
Cory Joseph,PG,30,DET,23,4,491,49,115,.426,12,39,.308,37,76,.487,.478,36,43,.837,7,36,43,81,19,5,33,36,146,11.3,.545,.339,.374,1.4,8.6,4.8,25.8,1.9,0.9,19.8,14.6,0.0,0.3,0.3,0.6,.058,0.0,-3.1,-0.1,-3.2,-0.1,7310000.0
Georgios Kalaitzakis,SF,23,MIL,9,0,48,5,11,.455,2,4,.500,3,7,.429,.545,4,9,.444,4,4,8,0,1,1,4,8,16,6.2,.535,.364,.818,8.9,8.5,8.7,0.0,1.0,2.0,21.1,16.9,0.0,0.0,0.0,0.0,.008,0.0,-5.3,-3.4,-8.7,-0.1,462629.0
Frank Kaminsky,C,28,PHO,9,0,181,36,66,.545,5,15,.333,31,51,.608,.583,18,20,.900,11,30,41,13,8,7,5,14,95,22.0,.635,.227,.303,6.6,16.9,11.9,10.6,2.1,3.4,6.3,19.1,0.0,0.6,0.3,0.9,.241,0.0,2.4,1.0,3.4,0.2,2089448.0
Luke Kennard,SG,25,LAC,26,1,728,99,228,.434,67,153,.438,32,75,.427,.581,16,17,.941,6,81,87,46,21,2,21,38,281,12.1,.597,.671,.075,0.9,11.6,6.3,9.4,1.4,0.2,8.2,15.3,0.0,0.9,0.8,1.7,.115,0.0,-0.3,0.1,-0.2,0.3,12727273.0
Corey Kispert,SF,22,WAS,23,0,279,32,78,.410,11,46,.239,21,32,.656,.481,11,14,.786,10,31,41,12,5,3,8,10,86,9.6,.511,.590,.179,4.1,11.6,8.0,6.2,0.9,0.9,8.7,14.8,0.0,0.1,0.2,0.3,.046,0.0,-1.5,-1.3,-2.8,-0.1,3383640.0
Maxi Kleber,PF,30,DAL,15,3,336,37,86,.430,23,62,.371,14,24,.583,.564,12,18,.667,18,61,79,11,7,14,10,33,109,12.8,.580,.721,.209,5.5,20.5,12.7,4.7,1.0,3.7,9.6,13.8,0.0,0.4,0.4,0.8,.112,0.0,-0.6,-0.1,-0.7,0.1,8750000.0
Kevin Knox,SF,22,NYK,6,0,22,2,7,.286,1,4,.250,1,3,.333,.357,1,2,.500,2,0,2,1,0,0,2,2,6,0.6,.381,.571,.286,9.6,0.0,4.9,6.4,0.0,0.0,20.2,19.7,0.0,-0.1,0.0,-0.1,-0.144,0.0,-5.7,-6.0,-11.7,-0.1,5845978.0
John Konchar,SG,25,MEM,23,0,351,37,68,.544,11,26,.423,26,42,.619,.625,4,10,.400,21,61,82,30,17,5,13,26,89,13.6,.615,.382,.147,6.3,18.9,12.5,11.3,2.4,1.3,15.2,10.2,0.0,0.5,0.3,0.8,.112,0.0,-0.6,0.6,-0.1,0.2,2197674.0
Furkan Korkmaz,SG,24,PHI,24,5,543,76,202,.376,37,119,.311,39,83,.470,.468,21,26,.808,7,62,69,59,17,3,24,20,210,11.5,.492,.589,.129,1.4,12.5,7.0,16.2,1.6,0.5,10.1,19.8,0.0,0.0,0.4,0.4,.033,0.0,-0.8,-2.2,-3.1,-0.1,4629630.0
Vit Krejci,SG,21,OKC,3,0,9,0,2,.000,0,2,.000,0,0,0.0,.000,2,2,1.000,0,3,3,0,0,0,1,0,2,-0.9,.347,1.000,1.000,0.0,34.7,17.0,0.0,0.0,0.0,25.8,18.6,0.0,0.0,0.0,0.0,-0.176,0.0,-12.0,-4.3,-16.3,0.0,925258.0
Jonathan Kuminga,SF,19,GSW,15,0,113,20,46,.435,2,15,.133,18,31,.581,.457,9,15,.600,8,18,26,5,5,2,8,17,51,10.6,.485,.326,.326,8.1,16.6,12.5,6.6,2.1,1.7,13.2,23.0,0.0,-0.1,0.2,0.2,.067,0.0,-5.3,-0.4,-5.7,-0.1,5466360.0
Kyle Kuzma,PF,26,WAS,26,26,853,128,301,.425,54,152,.355,74,149,.497,.515,38,56,.679,25,192,217,75,16,18,53,55,348,13.0,.534,.505,.186,3.3,23.5,13.8,13.3,0.9,1.7,14.0,19.9,0.0,0.1,1.0,1.1,.061,0.0,-0.4,0.0,-0.4,0.3,13000000.0
Jeremy Lamb,SF,29,IND,20,0,279,44,113,.389,23,60,.383,21,53,.396,.491,32,32,1.000,7,44,51,22,9,7,12,21,143,16.7,.563,.531,.283,2.8,17.0,10.0,11.5,1.6,2.1,8.6,21.7,0.0,0.5,0.3,0.8,.140,0.0,2.1,-0.1,2.0,0.3,10500000.0
Jock Landale,C,26,SAS,8,0,24,8,10,.800,2,3,.667,6,7,.857,.900,2,3,.667,2,0,2,2,0,1,1,1,20,34.0,.883,.300,.300,8.7,0.0,4.4,15.0,0.0,3.7,8.1,22.0,0.0,0.1,0.0,0.2,.310,0.0,10.4,0.9,11.3,0.1,925258.0
Romeo Langford,SG,22,BOS,20,0,362,36,85,.424,15,36,.417,21,49,.429,.512,9,13,.692,18,42,60,11,9,2,10,26,96,8.8,.529,.424,.153,5.3,12.6,8.9,4.3,1.2,0.5,9.9,12.2,0.0,0.2,0.3,0.5,.066,0.0,-2.6,-0.5,-3.1,-0.1,3804360.0
Zach LaVine,SF,26,CHI,26,26,910,246,505,.487,72,191,.377,174,314,.554,.558,106,125,.848,9,127,136,110,13,9,68,41,670,21.4,.598,.378,.248,1.1,15.3,8.2,20.8,0.7,0.9,10.8,30.3,0.0,2.0,0.9,2.9,.153,0.0,5.1,-1.7,3.4,1.2,19500000.0
Jake Layman,SF,27,MIN,8,0,39,3,11,.273,1,5,.200,2,6,.333,.318,0,0,0.0,1,5,6,0,1,1,2,1,7,1.0,.318,.455,.000,2.5,14.1,8.0,0.0,1.2,2.5,15.4,13.9,0.0,-0.1,0.0,-0.1,-0.101,0.0,-7.9,-3.2,-11.1,-0.1,3940184.0
Damion Lee,SG,29,GSW,19,0,391,59,138,.428,21,64,.328,38,74,.514,.504,22,26,.846,7,53,60,21,7,2,12,27,161,10.7,.539,.464,.188,2.0,14.1,8.3,7.7,0.9,0.5,7.4,17.7,0.0,0.3,0.6,0.9,.112,0.0,-2.4,-1.4,-3.8,-0.2,1910860.0
Saben Lee,PG,22,DET,9,0,114,13,38,.342,4,18,.222,9,20,.450,.395,7,12,.583,1,14,15,14,9,2,6,6,37,10.9,.427,.474,.316,0.9,14.5,7.2,19.6,3.9,1.6,12.2,18.6,0.0,-0.1,0.1,0.0,.009,0.0,-4.1,2.8,-1.3,0.0,1489065.0
Alex Len,C,28,SAC,17,3,278,39,74,.527,6,14,.429,33,60,.550,.568,18,27,.667,15,51,66,16,4,17,20,53,102,12.0,.594,.189,.365,5.7,19.2,12.5,8.2,0.7,5.1,18.9,16.2,0.0,0.2,0.2,0.4,.072,0.0,-4.0,0.1,-3.9,-0.1,3731707.0
Caris LeVert,SG,27,IND,19,19,525,114,269,.424,22,83,.265,92,186,.495,.465,34,43,.791,7,44,51,58,16,10,29,38,284,13.7,.493,.309,.160,1.5,9.1,5.3,17.7,1.5,1.6,9.2,26.3,0.0,0.0,0.4,0.5,.042,0.0,-1.3,-1.1,-2.4,0.0,17500000.0
Kira Lewis Jr.,PG,20,NOP,24,0,341,59,146,.404,13,58,.224,46,88,.523,.449,10,12,.833,9,30,39,49,11,1,26,17,141,10.4,.466,.397,.082,2.8,9.9,6.2,23.0,1.6,0.3,14.7,22.2,0.0,-0.2,0.1,-0.2,-0.023,0.0,-3.0,-2.1,-5.1,-0.3,3822240.0
Damian Lillard,PG,31,POR,20,20,714,146,368,.397,55,182,.302,91,186,.489,.471,82,90,.911,8,71,79,156,13,8,52,28,429,18.3,.526,.495,.245,1.2,11.1,6.1,35.1,0.9,1.1,11.3,28.0,0.0,1.3,0.1,1.4,.092,0.0,2.6,-2.8,-0.2,0.3,39344900.0
Nassir Little,SF,21,POR,22,3,495,70,144,.486,22,67,.328,48,77,.623,.563,30,39,.769,30,88,118,17,16,14,20,46,192,14.8,.596,.465,.271,6.6,19.9,13.1,5.0,1.6,2.7,11.0,15.9,0.0,0.7,0.4,1.1,.104,0.0,-0.6,-0.7,-1.3,0.1,2316240.0
Kevon Looney,C,25,GSW,25,25,443,56,107,.523,0,1,.000,56,106,.528,.523,24,43,.558,60,98,158,28,13,17,16,61,136,15.5,.540,.009,.402,15.4,23.0,19.4,8.7,1.4,3.7,11.3,13.8,0.0,0.8,1.0,1.8,.200,0.0,-1.8,0.2,-1.6,0.1,5178572.0
Brook Lopez,C,33,MIL,1,1,28,3,9,.333,2,4,.500,1,5,.200,.444,0,0,0.0,2,3,5,0,1,3,0,3,8,12.0,.444,.444,.000,7.6,10.9,9.3,0.0,1.7,10.4,0.0,13.8,0.0,0.0,0.1,0.1,.100,0.0,-2.9,-1.8,-4.7,0.0,13302325.0
Robin Lopez,C,33,ORL,9,1,136,27,43,.628,0,1,.000,27,42,.643,.628,11,18,.611,17,9,26,9,0,5,9,14,65,17.8,.638,.023,.419,13.1,7.1,10.1,11.5,0.0,3.4,15.0,18.9,0.0,0.3,0.0,0.3,.113,0.0,0.2,-2.6,-2.4,0.0,5000000.0
Didi Louzada,SF,22,NOP,2,0,7,0,3,.000,0,3,.000,0,0,0.0,.000,0,0,0.0,2,0,2,1,0,0,0,0,0,-1.1,.000,1.000,.000,30.0,0.0,15.5,17.9,0.0,0.0,0.0,18.3,0.0,0.0,0.0,0.0,-0.262,0.0,-3.7,-9.6,-13.3,0.0,1786878.0
Kevin Love,PF,33,CLE,18,0,360,64,159,.403,33,89,.371,31,70,.443,.506,37,39,.949,21,104,125,35,4,4,19,19,198,18.9,.562,.560,.245,6.5,30.9,18.9,15.5,0.6,1.0,9.7,23.7,0.0,0.7,0.6,1.3,.173,0.0,3.5,0.2,3.7,0.5,31300000.0
Kyle Lowry,PG,35,MIA,24,24,821,112,264,.424,49,157,.312,63,107,.589,.517,47,54,.870,12,95,107,188,25,8,75,66,320,14.2,.556,.595,.205,1.7,12.8,7.3,34.0,1.5,1.1,20.7,19.6,0.0,1.0,0.8,1.8,.106,0.0,0.2,0.0,0.2,0.5,26984128.0
Timothé Luwawu-Cabarrot,SF,26,ATL,18,4,173,23,57,.404,16,40,.400,7,17,.412,.544,5,6,.833,1,19,20,9,3,3,3,20,67,10.7,.562,.702,.105,0.6,11.5,6.2,7.1,0.9,1.6,4.8,15.8,0.0,0.2,0.1,0.3,.081,0.0,-1.8,-1.5,-3.4,-0.1,1939350.0
Trey Lyles,PF,26,DET,24,0,389,59,146,.404,19,66,.288,40,80,.500,.469,41,52,.788,33,69,102,18,7,4,21,34,178,13.8,.527,.452,.356,8.6,20.9,14.3,7.9,0.9,0.9,11.1,21.0,0.0,0.3,0.2,0.5,.065,0.0,-0.9,-2.3,-3.2,-0.1,2500000.0
Théo Maledon,PG,20,OKC,12,0,155,9,40,.225,3,26,.115,6,14,.429,.263,10,12,.833,5,16,21,12,4,1,14,10,31,1.2,.342,.650,.300,3.2,10.7,6.9,11.1,1.3,0.6,23.6,16.5,0.0,-0.5,0.1,-0.4,-0.130,0.0,-9.0,-2.7,-11.8,-0.4,2000000.0
Terance Mann,SF,25,LAC,25,1,686,89,194,.459,23,68,.338,66,126,.524,.518,36,46,.783,38,94,132,57,16,2,29,58,237,12.1,.553,.351,.237,6.0,14.2,10.2,12.2,1.1,0.3,11.9,15.4,0.0,0.8,0.8,1.6,.113,0.0,-1.7,-0.3,-2.0,0.0,1782621.0
Tre Mann,PG,20,OKC,16,2,246,41,103,.398,14,40,.350,27,63,.429,.466,13,18,.722,7,20,27,5,9,5,13,21,109,9.5,.491,.388,.175,2.9,8.5,5.6,3.4,1.8,1.9,10.5,21.8,0.0,-0.2,0.2,-0.1,-0.013,0.0,-4.0,-2.0,-6.0,-0.2,2901240.0
Boban Marjanović,C,33,DAL,13,0,81,29,45,.644,1,2,.500,28,43,.651,.656,6,13,.462,6,20,26,2,0,2,8,16,65,22.9,.641,.044,.289,7.6,27.9,17.3,5.6,0.0,2.2,13.6,32.3,0.0,0.1,0.1,0.2,.089,0.0,-0.1,-1.4,-1.5,0.0,3500000.0
Lauri Markkanen,PF,24,CLE,17,17,537,87,210,.414,40,118,.339,47,92,.511,.510,33,38,.868,21,78,99,20,13,9,12,24,247,14.5,.545,.562,.181,4.4,15.5,10.1,5.8,1.2,1.5,5.0,19.5,0.0,0.7,0.7,1.4,.126,0.0,0.6,-0.2,0.4,0.3,15690909.0
Naji Marshall,SF,24,NOP,18,0,206,19,59,.322,3,23,.130,16,36,.444,.347,25,29,.862,13,40,53,20,8,3,18,20,66,9.7,.460,.390,.492,6.6,21.8,14.0,13.8,1.9,1.4,20.1,18.6,0.0,-0.2,0.2,0.0,-0.003,0.0,-5.2,-0.6,-5.8,-0.2,1517981.0
Cody Martin,SF,26,CHO,25,2,659,79,162,.488,27,54,.500,52,108,.481,.571,29,40,.725,33,75,108,60,34,12,15,43,214,15.2,.596,.333,.247,5.1,12.6,8.7,12.0,2.5,1.7,7.7,12.5,0.0,1.4,0.4,1.7,.126,0.0,0.8,0.4,1.2,0.6,1782621.0
Kelan Martin,SF,26,IND,20,1,337,57,134,.425,16,56,.286,41,78,.526,.485,7,11,.636,12,25,37,19,11,7,13,27,137,10.9,.493,.418,.082,4.0,8.0,6.0,8.4,1.6,1.8,8.6,19.6,0.0,0.0,0.3,0.3,.039,0.0,-2.0,-1.3,-3.3,-0.1,1701593.0
Kenyon Martin Jr.,SF,21,HOU,23,0,362,66,121,.545,9,33,.273,57,88,.648,.583,17,27,.630,15,55,70,22,9,11,10,25,158,16.1,.595,.273,.223,4.5,16.0,10.3,10.0,1.2,2.8,7.0,16.7,0.0,0.6,0.3,1.0,.128,0.0,0.4,-0.2,0.2,0.2,1517981.0
Wesley Matthews,SG,35,MIL,3,0,38,3,8,.375,2,6,.333,1,2,.500,.500,0,2,.000,1,2,3,1,2,1,2,4,8,4.5,.450,.750,.250,2.8,5.3,4.1,3.5,2.5,2.6,18.4,12.2,0.0,-0.1,0.0,0.0,-0.007,0.0,-5.2,1.9,-3.3,0.0,1958501.0
Tyrese Maxey,PG,21,PHI,24,24,841,150,323,.464,27,75,.360,123,248,.496,.506,75,84,.893,9,81,90,115,17,14,30,58,402,16.6,.558,.232,.260,1.2,10.6,5.9,21.6,1.0,1.5,7.7,21.0,0.0,1.7,0.5,2.2,.124,0.0,1.1,-1.1,0.0,0.4,2602920.0
Miles McBride,PG,21,NYK,7,0,12,2,11,.182,0,6,.000,2,5,.400,.182,2,2,1.000,1,1,2,2,2,1,0,1,6,11.4,.253,.545,.182,8.8,8.9,8.9,26.4,8.3,7.8,0.0,43.4,0.0,-0.1,0.0,0.0,-0.193,0.0,-7.7,2.8,-5.0,0.0,925258.0
CJ McCollum,SG,30,POR,24,24,848,191,451,.424,77,196,.393,114,255,.447,.509,35,50,.700,27,72,99,107,26,17,46,51,494,16.7,.522,.435,.111,3.5,9.5,6.4,20.9,1.5,1.9,8.9,26.6,0.0,0.9,0.3,1.2,.066,0.0,2.4,-2.2,0.2,0.5,30864198.0
T.J. McConnell,PG,29,IND,24,6,581,91,181,.503,7,25,.280,84,156,.538,.522,12,15,.800,19,61,80,115,25,9,28,43,201,16.1,.536,.138,.083,3.7,11.3,7.6,28.8,2.1,1.3,13.0,16.2,0.0,1.0,0.6,1.6,.133,0.0,0.1,1.1,1.2,0.5,7500000.0
Jaden McDaniels,PF,21,MIN,22,11,551,55,142,.387,16,63,.254,39,79,.494,.444,7,11,.636,34,62,96,18,22,13,21,80,133,7.0,.453,.444,.077,6.1,12.4,9.1,4.6,1.9,2.3,12.5,12.7,0.0,-0.2,0.6,0.4,.032,0.0,-5.4,-0.3,-5.8,-0.5,2063280.0
Jalen McDaniels,SF,24,CHO,22,0,331,42,80,.525,20,44,.455,22,36,.611,.650,16,25,.640,13,59,72,21,8,8,13,37,120,13.8,.659,.550,.313,4.0,19.7,11.6,8.5,1.2,2.3,12.5,13.3,0.0,0.6,0.2,0.8,.110,0.0,-0.3,-0.8,-1.2,0.1,1782621.0
Doug McDermott,PF,30,SAS,16,16,405,69,147,.469,35,80,.438,34,67,.507,.588,8,11,.727,8,29,37,23,3,1,10,21,181,12.2,.596,.544,.075,2.1,7.6,4.8,7.9,0.4,0.2,6.2,17.1,0.0,0.6,0.1,0.7,.082,0.0,0.3,-2.8,-2.5,0.0,13750000.0
JaVale McGee,C,34,PHO,24,6,372,104,156,.667,0,0,0.0,104,156,.667,.667,33,51,.647,57,110,167,13,8,20,39,58,241,25.1,.675,.000,.327,16.6,30.2,23.6,5.8,1.0,4.7,17.9,25.3,0.0,0.9,0.8,1.7,.219,0.0,0.5,-0.2,0.3,0.2,5000000.0
Rodney McGruder,SG,30,DET,9,0,48,5,14,.357,2,8,.250,3,6,.500,.429,2,2,1.000,2,4,6,3,0,1,1,1,14,8.8,.470,.571,.143,4.2,9.8,6.8,9.8,0.0,1.9,6.3,14.3,0.0,0.0,0.0,0.0,.024,0.0,-2.4,-2.2,-4.6,0.0,1939350.0
Jordan McLaughlin,PG,25,MIN,18,0,197,13,44,.295,4,20,.200,9,24,.375,.341,9,11,.818,3,14,17,38,11,0,12,7,39,8.6,.399,.455,.250,1.5,7.8,4.5,26.0,2.7,0.0,19.7,12.8,0.0,-0.1,0.2,0.1,.027,0.0,-4.5,-0.5,-4.9,-0.1,1669178.0
Ben McLemore,SG,28,POR,11,0,138,21,50,.420,16,43,.372,5,7,.714,.580,6,7,.857,3,8,11,8,3,0,6,10,64,12.4,.603,.860,.140,2.4,6.5,4.4,8.6,1.1,0.0,10.2,18.6,0.0,0.2,0.0,0.2,.069,0.0,1.2,-2.2,-1.0,0.0,2389641.0
De'Anthony Melton,SG,23,MEM,22,12,544,87,214,.407,41,114,.360,46,100,.460,.502,13,20,.650,20,72,92,54,35,14,36,36,228,13.8,.512,.533,.093,3.9,14.4,9.0,14.1,3.1,2.4,13.9,19.9,0.0,0.1,0.6,0.7,.057,0.0,-0.4,-0.1,-0.5,0.2,8437500.0
Sam Merrill,SG,25,MEM,6,0,58,8,24,.333,7,23,.304,1,1,1.000,.479,2,4,.500,1,6,7,4,0,0,2,3,25,8.1,.485,.958,.167,1.8,11.2,6.4,9.5,0.0,0.0,7.2,20.1,0.0,0.0,0.0,0.0,.007,0.0,-1.8,-5.4,-7.2,-0.1,1517981.0
Chimezie Metu,C,24,SAC,13,10,301,43,109,.394,15,56,.268,28,53,.528,.463,11,15,.733,14,73,87,14,11,12,14,15,112,12.9,.484,.514,.138,4.9,25.4,15.2,6.7,1.8,3.3,10.8,18.3,0.0,-0.1,0.4,0.3,.045,0.0,-1.1,-0.5,-1.5,0.0,1762796.0
Khris Middleton,SF,30,MIL,18,18,558,112,268,.418,37,108,.343,75,160,.469,.487,64,73,.877,10,86,96,91,21,3,56,36,325,16.5,.541,.403,.272,1.9,15.6,8.9,25.9,1.8,0.5,15.7,27.3,0.0,0.4,0.7,1.1,.097,0.0,0.6,-0.9,-0.3,0.2,35500000.0
Patty Mills,PG,33,BRK,25,11,718,110,244,.451,77,169,.456,33,75,.440,.609,16,18,.889,7,36,43,59,14,6,20,32,313,13.5,.621,.693,.074,1.1,5.1,3.2,12.2,0.9,0.7,7.4,16.7,0.0,1.3,0.5,1.7,.115,0.0,1.4,-1.5,-0.1,0.3,5890000.0
Paul Millsap,PF,36,BRK,20,0,227,27,72,.375,6,24,.250,21,48,.438,.417,12,17,.706,23,51,74,21,5,7,10,43,72,11.3,.453,.333,.236,11.2,22.8,17.2,13.0,1.1,2.8,11.2,17.3,0.0,0.1,0.3,0.4,.090,0.0,-3.6,0.2,-3.3,-0.1,2641691.0
Shake Milton,PG,25,PHI,20,5,507,90,193,.466,21,61,.344,69,132,.523,.521,30,34,.882,10,51,61,58,13,9,22,39,231,15.3,.555,.316,.176,2.2,11.0,6.6,18.0,1.3,1.6,9.6,20.5,0.0,0.7,0.3,1.0,.097,0.0,0.5,-0.8,-0.3,0.2,1846738.0
Davion Mitchell,PG,23,SAC,25,0,638,94,243,.387,28,99,.283,66,144,.458,.444,20,30,.667,17,49,66,85,19,5,26,58,236,10.2,.461,.407,.123,2.8,8.0,5.4,19.2,1.4,0.7,9.2,18.8,0.0,0.1,0.2,0.3,.022,0.0,-2.7,-1.4,-4.1,-0.3,4603320.0
Donovan Mitchell,SG,25,UTA,23,23,750,212,467,.454,73,214,.341,139,253,.549,.532,72,81,.889,21,74,95,115,38,5,70,57,569,22.3,.566,.458,.173,3.3,10.2,6.9,26.7,2.5,0.6,12.2,33.2,0.0,1.7,0.9,2.7,.171,0.0,3.6,-0.3,3.3,1.0,28103550.0
Evan Mobley,PF,20,CLE,22,22,743,122,256,.477,14,42,.333,108,214,.505,.504,51,65,.785,38,142,180,56,21,43,37,45,309,16.5,.543,.164,.254,5.7,20.4,13.2,11.7,1.4,5.1,11.5,19.0,0.0,0.7,1.4,2.1,.135,0.0,-0.4,1.6,1.2,0.6,8075160.0
Malik Monk,SG,23,LAL,25,2,606,97,208,.466,45,120,.375,52,88,.591,.575,19,23,.826,10,56,66,55,18,6,32,38,258,12.9,.591,.577,.111,1.8,9.6,5.8,13.1,1.4,0.9,12.8,17.6,0.0,0.6,0.4,1.1,.086,0.0,-0.4,-0.9,-1.2,0.1,1789256.0
Moses Moody,SG,19,GSW,16,0,93,11,28,.393,2,15,.133,9,13,.692,.429,1,2,.500,1,10,11,3,1,2,1,4,25,5.9,.433,.536,.071,1.2,11.2,6.4,4.4,0.5,2.1,3.3,13.8,0.0,-0.1,0.1,0.1,.044,0.0,-4.8,-1.5,-6.3,-0.1,3562080.0
Ja Morant,PG,22,MEM,19,19,619,170,357,.476,31,87,.356,139,270,.515,.520,87,112,.777,25,81,106,129,30,5,60,25,458,24.4,.564,.244,.314,4.2,14.2,9.1,35.4,2.4,0.7,12.9,31.6,0.0,1.6,0.4,2.0,.158,0.0,5.3,-1.8,3.5,0.9,9603360.0
Marcus Morris,PF,32,LAC,10,10,296,47,112,.420,22,58,.379,25,54,.463,.518,13,16,.813,2,35,37,21,5,4,15,26,129,10.6,.542,.518,.143,0.7,12.3,6.6,10.9,0.8,1.2,11.2,19.7,0.0,0.1,0.3,0.4,.063,0.0,-1.6,-0.6,-2.2,0.0,15627907.0
Markieff Morris,PF,32,MIA,10,0,187,32,70,.457,8,22,.364,24,48,.500,.514,5,5,1.000,13,15,28,14,3,1,12,22,77,10.8,.533,.314,.071,8.0,8.9,8.4,11.7,0.8,0.6,14.3,20.0,0.0,0.1,0.1,0.2,.054,0.0,-1.9,-0.4,-2.3,0.0,2641691.0
Monte Morris,PG,26,DEN,24,24,722,124,261,.475,32,95,.337,92,166,.554,.536,9,13,.692,6,59,65,102,20,3,30,37,289,13.5,.542,.364,.050,0.9,9.1,5.0,21.5,1.4,0.4,10.1,18.5,0.0,0.7,0.5,1.3,.084,0.0,-1.1,-0.8,-1.9,0.0,8333333.0
Trey Murphy III,SF,21,NOP,25,0,372,40,108,.370,31,79,.392,9,29,.310,.514,9,10,.900,18,42,60,14,8,4,10,32,120,9.6,.534,.731,.093,5.1,12.7,8.8,5.5,1.1,1.0,8.2,14.1,0.0,0.3,0.1,0.4,.050,0.0,-2.0,-2.1,-4.0,-0.2,3053760.0
Dejounte Murray,PG,25,SAS,23,23,800,182,407,.447,32,93,.344,150,314,.478,.486,37,53,.698,22,171,193,194,45,9,54,47,433,20.3,.503,.229,.130,2.9,22.7,12.7,36.7,2.7,1.0,11.1,25.9,0.0,0.8,1.2,2.1,.124,0.0,1.8,1.6,3.3,1.1,15428571.0
Mike Muscala,C,30,OKC,18,0,264,48,107,.449,31,73,.425,17,34,.500,.593,24,30,.800,7,50,57,10,7,10,7,23,151,19.7,.628,.682,.280,2.7,19.7,11.0,6.6,1.3,3.6,5.5,20.8,0.0,0.7,0.3,1.0,.175,0.0,3.6,0.1,3.7,0.4,3500000.0
Svi Mykhailiuk,SF,24,TOR,25,4,455,62,146,.425,27,83,.325,35,63,.556,.517,20,22,.909,16,48,64,27,20,2,19,33,171,12.5,.549,.568,.151,3.6,12.2,7.7,8.6,2.2,0.4,10.9,16.5,0.0,0.5,0.3,0.8,.087,0.0,-0.8,-0.7,-1.4,0.1,1729217.0
Abdel Nader,SF,28,PHO,14,0,145,12,35,.343,4,14,.286,8,21,.381,.400,6,10,.600,4,23,27,7,8,4,11,20,34,5.1,.431,.400,.286,3.0,16.2,9.8,6.1,2.6,2.4,21.8,15.0,0.0,-0.3,0.3,0.0,-0.005,0.0,-7.3,0.4,-6.9,-0.2,2000000.0
Larry Nance Jr.,PF,29,POR,26,0,529,65,125,.520,12,42,.286,53,83,.639,.568,18,29,.621,37,93,130,39,23,9,20,38,160,14.7,.581,.336,.232,7.6,19.7,13.5,10.5,2.1,1.6,12.7,13.0,0.0,0.8,0.4,1.2,.108,0.0,-0.1,0.2,0.1,0.3,10690909.0
Aaron Nesmith,SF,22,BOS,21,0,203,24,66,.364,12,45,.267,12,21,.571,.455,4,4,1.000,6,24,30,8,5,0,9,27,64,5.8,.472,.682,.061,3.1,12.8,7.9,5.8,1.2,0.0,11.7,16.6,0.0,-0.2,0.2,0.0,.003,0.0,-4.9,-0.9,-5.8,-0.2,3631200.0
Raul Neto,PG,29,WAS,25,0,495,76,163,.466,11,42,.262,65,121,.537,.500,28,39,.718,4,45,49,66,19,1,31,38,191,11.9,.530,.258,.239,0.9,9.5,5.4,20.3,1.9,0.2,14.7,19.1,0.0,0.1,0.4,0.5,.052,0.0,-3.1,-0.4,-3.6,-0.2,2089448.0
Georges Niang,PF,28,PHI,25,5,606,97,222,.437,52,134,.388,45,88,.511,.554,27,29,.931,6,58,64,41,16,8,19,64,273,13.4,.581,.604,.131,1.1,10.5,5.8,10.4,1.3,1.2,7.5,18.9,0.0,0.8,0.4,1.2,.095,0.0,0.6,-1.5,-0.9,0.2,3300000.0
Zeke Nnaji,PF,21,DEN,12,0,165,29,56,.518,17,28,.607,12,28,.429,.670,10,16,.625,13,27,40,2,1,4,5,18,85,18.3,.674,.500,.286,8.8,18.2,13.5,1.9,0.3,2.3,7.3,18.6,0.0,0.5,0.1,0.6,.173,0.0,2.7,-2.2,0.4,0.1,2498760.0
Nerlens Noel,C,27,NYK,11,4,261,16,31,.516,0,2,.000,16,29,.552,.516,12,13,.923,28,40,68,10,12,14,12,32,44,12.4,.599,.065,.419,11.4,16.5,13.9,5.2,2.3,5.0,24.6,8.2,0.0,0.3,0.3,0.6,.114,0.0,-2.6,0.7,-1.9,0.0,8800000.0
Jaylen Nowell,SG,22,MIN,11,0,64,12,33,.364,1,8,.125,11,25,.440,.379,2,2,1.000,3,7,10,9,3,3,1,3,27,14.3,.398,.242,.061,4.6,12.0,8.1,22.7,2.3,4.5,2.9,22.7,0.0,0.0,0.1,0.1,.055,0.0,-1.7,0.0,-1.7,0.0,1782621.0
Frank Ntilikina,PG,23,DAL,17,0,237,28,80,.350,15,44,.341,13,36,.361,.444,12,12,1.000,3,29,32,23,12,3,11,18,83,10.9,.487,.550,.150,1.3,13.8,7.3,14.2,2.5,1.1,11.4,18.1,0.0,0.0,0.3,0.2,.050,0.0,-2.7,0.4,-2.3,0.0,1789256.0
Jusuf Nurkić,C,27,POR,26,26,645,133,231,.576,5,21,.238,128,210,.610,.587,76,102,.745,65,202,267,61,28,14,52,79,347,23.1,.629,.091,.442,10.9,35.0,22.8,15.2,2.1,2.1,15.9,22.1,0.0,1.7,0.8,2.5,.184,0.0,1.8,0.8,2.6,0.8,12000000.0
David Nwaba,SF,29,HOU,16,0,181,23,53,.434,1,14,.071,22,39,.564,.443,14,22,.636,9,39,48,10,10,4,8,16,61,12.3,.487,.264,.415,5.4,22.6,14.1,8.3,2.6,2.1,11.3,16.5,0.0,0.0,0.3,0.3,.067,0.0,-3.5,0.4,-3.1,0.0,4650000.0
Jordan Nwora,SF,23,MIL,21,0,372,55,139,.396,26,72,.361,29,67,.433,.489,11,13,.846,11,57,68,24,5,9,25,21,147,9.7,.508,.518,.094,3.1,15.5,9.5,9.4,0.6,2.4,14.7,19.5,0.0,-0.2,0.4,0.2,.028,0.0,-2.0,-2.1,-4.1,-0.2,1517981.0
Royce O'Neale,SF,28,UTA,22,22,688,64,129,.496,36,89,.404,28,40,.700,.636,13,19,.684,23,89,112,54,35,16,27,51,177,12.8,.644,.690,.147,3.9,13.4,8.9,10.3,2.5,2.0,16.4,10.4,0.0,1.1,1.0,2.1,.144,0.0,0.2,2.6,2.8,0.8,8678571.0
Semi Ojeleye,PF,27,MIL,11,0,218,12,47,.255,6,28,.214,6,19,.316,.319,3,5,.600,21,19,40,4,4,5,5,17,33,4.6,.335,.596,.106,10.3,8.8,9.5,2.4,0.9,2.2,9.2,10.6,0.0,-0.2,0.2,0.0,.008,0.0,-4.8,-2.4,-7.2,-0.3,1789256.0
Chuma Okeke,PF,23,ORL,20,0,418,50,134,.373,14,62,.226,36,72,.500,.425,23,27,.852,13,67,80,24,14,6,16,25,137,9.6,.470,.463,.201,3.3,17.1,10.1,8.7,1.6,1.3,9.9,16.6,0.0,-0.2,0.3,0.1,.011,0.0,-3.0,-0.8,-3.8,-0.2,3277080.0
Josh Okogie,SG,23,MIN,17,5,255,16,47,.340,5,20,.250,11,27,.407,.394,10,20,.500,16,23,39,16,11,5,9,25,47,7.2,.421,.426,.426,6.2,9.9,8.0,8.4,2.1,1.9,13.9,10.6,0.0,0.0,0.2,0.2,.036,0.0,-4.6,0.1,-4.5,-0.2,4087904.0
Isaac Okoro,SF,21,CLE,19,15,545,51,138,.370,12,56,.214,39,82,.476,.413,27,37,.730,28,49,77,34,17,5,20,46,141,7.8,.457,.406,.268,5.7,9.6,7.7,8.7,1.5,0.8,11.5,14.0,0.0,0.0,0.6,0.6,.053,0.0,-3.7,0.0,-3.7,-0.2,6720720.0
KZ Okpala,PF,22,MIA,13,0,103,9,24,.375,3,12,.250,6,12,.500,.438,6,8,.750,5,17,22,6,2,3,1,9,27,10.9,.491,.500,.333,5.6,18.2,12.0,8.1,1.0,3.2,3.5,12.3,0.0,0.1,0.1,0.2,.113,0.0,-2.3,0.4,-1.9,0.0,1782621.0
Kelly Olynyk,C,30,DET,10,1,230,45,98,.459,14,41,.341,31,57,.544,.531,21,35,.600,13,40,53,23,14,7,15,27,125,18.9,.551,.418,.357,5.7,20.5,12.6,18.4,3.0,2.8,11.7,24.1,0.0,0.2,0.3,0.5,.113,0.0,0.9,1.6,2.5,0.3,12195122.0
Miye Oni,SG,24,UTA,11,0,33,1,5,.200,0,4,.000,1,1,1.000,.200,0,1,.000,0,4,4,4,0,0,1,5,2,-1.6,.184,.800,.200,0.0,12.5,6.6,14.7,0.0,0.0,15.5,8.5,0.0,-0.1,0.0,0.0,-0.055,0.0,-9.2,-1.0,-10.2,-0.1,1782621.0
Cedi Osman,SF,26,CLE,20,0,445,78,169,.462,48,116,.414,30,53,.566,.604,20,28,.714,6,49,55,34,20,7,19,33,224,16.6,.618,.686,.166,1.5,11.8,6.7,12.1,2.2,1.4,9.5,19.7,0.0,0.8,0.7,1.5,.157,0.0,2.6,1.3,3.9,0.7,8050000.0
Kelly Oubre Jr.,SF,26,CHO,27,8,779,168,365,.460,79,205,.385,89,160,.556,.568,37,57,.649,33,79,112,31,28,8,28,68,452,16.3,.579,.562,.156,4.4,11.2,7.7,6.0,1.7,1.0,6.7,22.7,0.0,1.2,0.2,1.4,.085,0.0,1.4,-2.3,-0.8,0.2,12000000.0
Kevin Pangos,PG,29,CLE,9,0,28,1,4,.250,1,2,.500,0,2,.000,.375,1,2,.500,1,0,1,6,1,0,4,4,4,1.7,.410,.500,.500,4.0,0.0,1.9,27.8,1.8,0.0,45.0,13.9,0.0,-0.1,0.0,0.0,-0.061,0.0,-5.4,-1.0,-6.3,0.0,1669178.0
Jabari Parker,PF,26,BOS,8,0,79,13,24,.542,5,9,.556,8,15,.533,.646,6,6,1.000,3,14,17,4,3,1,5,11,37,16.5,.694,.375,.250,4.0,19.2,11.6,8.0,1.9,1.2,15.8,17.6,0.0,0.2,0.1,0.3,.162,0.0,-0.4,0.9,0.6,0.1,2239544.0
Jabari Parker,PF,26,BOS,8,0,79,13,24,.542,5,9,.556,8,15,.533,.646,6,6,1.000,3,14,17,4,3,1,5,11,37,16.5,.694,.375,.250,4.0,19.2,11.6,8.0,1.9,1.2,15.8,17.6,0.0,0.2,0.1,0.3,.162,0.0,-0.4,0.9,0.6,0.1,2239544.0
Eric Paschall,PF,25,UTA,20,0,234,25,59,.424,11,38,.289,14,21,.667,.517,12,17,.706,13,26,39,14,2,3,11,16,73,9.9,.549,.644,.288,6.5,11.5,9.1,8.0,0.4,1.1,14.2,14.4,0.0,0.2,0.2,0.4,.085,0.0,-1.3,-1.0,-2.3,0.0,1782621.0
Chris Paul,PG,36,PHO,24,24,778,125,260,.481,25,73,.342,100,187,.535,.529,75,91,.824,6,89,95,243,48,7,58,48,350,21.2,.583,.281,.350,0.8,11.7,6.4,43.5,2.9,0.8,16.2,19.9,0.0,2.2,1.3,3.5,.218,0.0,2.7,1.5,4.1,1.2,30800000.0
Cameron Payne,PG,27,PHO,19,0,346,65,171,.380,21,66,.318,44,105,.419,.442,33,40,.825,7,47,54,56,11,6,32,33,184,12.8,.488,.386,.234,2.2,13.9,8.2,23.4,1.5,1.5,14.5,27.6,0.0,-0.2,0.5,0.3,.037,0.0,-2.0,-0.6,-2.6,-0.1,6500000.0
Elfrid Payton,PG,27,PHO,10,0,117,20,43,.465,0,1,.000,20,42,.476,.465,4,8,.500,6,17,23,22,5,0,8,9,44,13.5,.473,.023,.186,5.6,14.8,10.3,26.5,2.0,0.0,14.7,20.2,0.0,0.0,0.2,0.2,.080,0.0,-2.5,-0.5,-3.0,0.0,2239544.0
Gary Payton II,PG,29,GSW,24,1,351,64,96,.667,13,33,.394,51,63,.810,.734,19,29,.655,25,51,76,18,31,3,12,41,160,21.2,.736,.344,.302,8.1,15.1,11.8,7.7,4.3,0.8,9.9,14.8,0.0,1.1,0.9,2.0,.273,0.0,1.4,4.0,5.4,0.7,1939350.0
Mason Plumlee,C,31,CHO,20,20,523,59,99,.596,0,0,0.0,59,99,.596,.596,18,52,.346,51,94,145,55,17,20,24,60,136,14.2,.558,.000,.525,10.0,19.9,14.8,13.7,1.5,3.6,16.5,11.8,0.0,0.8,0.4,1.1,.103,0.0,-1.3,0.7,-0.6,0.2,8137500.0
Jakob Poeltl,C,26,SAS,16,15,467,93,151,.616,0,0,0.0,93,151,.616,.616,11,34,.324,67,82,149,38,8,26,23,46,197,19.8,.594,.000,.225,15.0,18.7,16.8,11.8,0.8,5.0,12.2,17.3,0.0,1.0,0.6,1.6,.161,0.0,0.3,-0.6,-0.2,0.2,8750000.0
Aleksej Pokusevski,PF,20,OKC,24,0,346,45,132,.341,11,57,.193,34,75,.453,.383,5,10,.500,24,74,98,28,11,11,28,27,106,7.8,.389,.432,.076,7.0,22.2,14.5,12.9,1.5,3.0,17.0,20.5,0.0,-0.9,0.4,-0.5,-0.067,0.0,-5.4,-1.1,-6.5,-0.4,3113160.0
Jordan Poole,SG,22,GSW,25,25,761,160,357,.448,69,200,.345,91,157,.580,.545,61,67,.910,8,72,80,87,28,6,61,72,450,15.1,.582,.560,.188,1.2,9.8,5.7,17.8,1.8,0.8,13.6,25.3,0.0,0.9,1.3,2.2,.136,0.0,-0.3,-0.4,-0.7,0.3,2161440.0
Kevin Porter Jr.,PG,21,HOU,19,19,574,83,232,.358,34,110,.309,49,122,.402,.431,44,70,.629,16,68,84,110,25,6,76,43,244,9.6,.464,.474,.302,3.0,12.4,7.8,29.7,2.1,1.0,22.4,25.0,0.0,-1.0,0.5,-0.5,-0.042,0.0,-3.5,-2.0,-5.4,-0.5,2130240.0
Michael Porter Jr.,SF,23,DEN,9,9,265,37,103,.359,10,48,.208,27,55,.491,.408,5,9,.556,9,50,59,17,10,2,12,16,89,8.3,.416,.466,.087,3.8,21.0,12.4,9.3,1.9,0.7,10.1,20.2,0.0,-0.5,0.3,-0.1,-0.024,0.0,-4.3,-1.0,-5.3,-0.2,5258735.0
Otto Porter,PF,28,GSW,22,0,427,56,124,.452,38,89,.427,18,35,.514,.605,15,19,.789,16,87,103,24,19,7,14,30,165,15.0,.623,.718,.153,4.3,21.2,13.1,7.8,2.1,1.6,9.6,14.7,0.0,0.7,1.0,1.7,.187,0.0,1.2,1.3,2.5,0.5,2389641.0
Bobby Portis,C,26,MIL,21,17,593,121,256,.473,38,94,.404,83,162,.512,.547,38,47,.809,58,133,191,29,17,21,35,57,318,19.2,.575,.367,.184,10.4,22.8,16.7,7.8,1.4,3.4,11.2,22.5,0.0,1.0,1.0,2.0,.160,0.0,1.2,-0.5,0.7,0.4,4347600.0
Kristaps Porziņģis,PF,26,DAL,17,17,509,119,263,.452,28,94,.298,91,169,.538,.506,65,73,.890,38,98,136,35,15,26,24,41,331,23.3,.561,.357,.278,7.7,21.8,14.4,12.1,1.5,4.5,7.5,27.9,0.0,1.1,0.7,1.8,.173,0.0,3.0,-0.5,2.5,0.6,31650600.0
Dwight Powell,C,30,DAL,24,21,480,55,95,.579,7,19,.368,48,76,.632,.616,28,40,.700,47,62,109,28,12,13,16,59,145,15.0,.644,.200,.421,10.1,14.6,12.2,8.5,1.2,2.4,12.4,11.9,0.0,1.1,0.5,1.6,.162,0.0,-1.0,-0.2,-1.2,0.1,11000000.0
Norman Powell,SF,28,POR,22,22,667,129,278,.464,41,103,.398,88,175,.503,.538,84,102,.824,7,46,53,39,18,8,28,43,383,16.4,.593,.371,.367,1.1,7.7,4.4,9.2,1.3,1.1,8.0,22.9,0.0,1.3,0.1,1.4,.104,0.0,1.4,-2.0,-0.6,0.2,15517242.0
Joshua Primo,SG,19,SAS,7,0,59,6,11,.545,4,8,.500,2,3,.667,.727,0,0,0.0,1,5,6,4,3,4,0,4,16,15.8,.727,.727,.000,1.8,9.0,5.4,8.6,2.4,6.0,0.0,8.0,0.0,0.1,0.1,0.2,.181,0.0,1.5,2.8,4.3,0.1,3946800.0
Taurean Prince,PF,27,MIN,23,7,358,35,98,.357,20,67,.299,15,31,.484,.459,12,17,.706,11,39,50,18,10,5,12,34,102,7.5,.484,.684,.173,3.0,12.0,7.3,7.1,1.4,1.4,10.2,13.6,0.0,0.0,0.3,0.3,.041,0.0,-3.4,-0.6,-4.0,-0.2,15057692.0
Payton Pritchard,SG,24,BOS,20,0,188,18,65,.277,14,45,.311,4,20,.200,.385,5,5,1.000,6,17,23,28,1,2,13,15,55,5.6,.409,.692,.077,3.4,9.8,6.6,21.1,0.3,1.0,16.2,18.7,0.0,-0.2,0.1,-0.1,-0.033,0.0,-3.9,-2.9,-6.8,-0.2,2137440.0
Immanuel Quickley,PG,22,NYK,25,1,530,81,207,.391,42,123,.341,39,84,.464,.493,39,42,.929,11,49,60,60,16,0,25,49,243,13.3,.539,.594,.203,2.2,9.9,6.0,17.5,1.5,0.0,10.0,20.7,0.0,0.7,0.2,0.9,.085,0.0,-0.9,-1.2,-2.1,0.0,2210640.0
Jahmi'us Ramsey,SG,20,SAC,7,0,46,5,14,.357,1,6,.167,4,8,.500,.393,2,4,.500,0,0,0,2,0,1,0,3,13,4.3,.412,.429,.286,0.0,0.0,0.0,5.9,0.0,1.8,0.0,14.5,0.0,0.0,0.0,0.0,-0.039,0.0,-4.5,-4.1,-8.6,-0.1,1517981.0
Julius Randle,PF,27,NYK,25,25,881,180,419,.430,44,132,.333,136,287,.474,.482,91,120,.758,45,201,246,131,18,18,82,70,495,17.7,.525,.315,.286,5.4,24.5,14.9,25.0,1.0,1.9,14.8,27.5,0.0,0.7,0.8,1.5,.084,0.0,1.4,-0.4,1.0,0.7,19800000.0
Austin Reaves,SG,23,LAL,14,0,250,24,51,.471,9,30,.300,15,21,.714,.559,9,11,.818,4,22,26,13,3,2,10,24,66,7.1,.591,.588,.216,1.7,9.2,5.5,6.9,0.6,0.7,15.2,11.2,0.0,0.1,0.1,0.3,.050,0.0,-4.0,-1.8,-5.8,-0.2,925258.0
Cam Reddish,SF,22,ATL,21,0,472,83,201,.413,34,89,.382,49,112,.438,.498,41,46,.891,18,41,59,19,23,4,28,30,241,14.0,.545,.443,.229,4.2,9.1,6.7,5.9,2.4,0.8,11.2,23.1,0.0,0.3,0.3,0.6,.060,0.0,-0.6,-1.3,-1.9,0.0,4670160.0
Paul Reed,C,22,PHI,14,2,137,18,35,.514,0,3,.000,18,32,.563,.514,0,0,0.0,16,22,38,8,9,9,6,21,36,15.9,.514,.086,.000,12.9,17.6,15.3,8.6,3.3,5.9,14.6,13.5,0.0,0.1,0.2,0.4,.129,0.0,-2.4,0.7,-1.7,0.0,1517981.0
Naz Reid,C,22,MIN,23,1,380,78,164,.476,21,58,.362,57,106,.538,.540,34,48,.708,32,52,84,17,13,22,18,56,211,18.8,.570,.354,.293,8.3,15.0,11.5,7.4,1.7,5.6,8.9,22.2,0.0,0.7,0.5,1.2,.152,0.0,0.8,0.2,1.0,0.3,1782621.0
Nick Richards,C,24,CHO,22,4,209,34,49,.694,0,0,0.0,34,49,.694,.694,15,18,.833,21,27,48,7,4,13,13,34,83,16.8,.729,.000,.367,10.3,14.3,12.2,4.7,0.9,5.9,18.6,14.2,0.0,0.5,0.1,0.6,.140,0.0,-1.7,-0.5,-2.2,0.0,1517981.0
Josh Richardson,SG,28,BOS,20,0,488,71,153,.464,23,65,.354,48,88,.545,.539,28,34,.824,13,43,56,26,12,9,14,37,193,12.8,.575,.425,.222,2.8,9.5,6.2,8.1,1.2,1.8,7.7,16.4,0.0,0.7,0.4,1.1,.106,0.0,-0.7,-0.5,-1.2,0.1,11600000.0
Austin Rivers,SG,29,DEN,18,3,314,27,78,.346,13,48,.271,14,30,.467,.429,3,6,.500,7,19,26,14,9,2,10,22,70,4.7,.434,.615,.077,2.5,6.7,4.6,6.0,1.4,0.6,11.0,13.0,0.0,-0.3,0.2,-0.1,-0.013,0.0,-5.3,-0.9,-6.3,-0.3,2401537.0
Duncan Robinson,SG,27,MIA,26,26,725,97,264,.367,74,222,.333,23,42,.548,.508,11,15,.733,8,81,89,35,20,6,22,73,279,9.0,.516,.841,.057,1.3,12.3,6.9,7.1,1.4,0.9,7.5,17.9,0.0,0.1,0.7,0.8,.055,0.0,-1.4,-0.4,-1.8,0.0,15560000.0
Mitchell Robinson,C,23,NYK,22,20,550,61,81,.753,0,0,0.0,61,81,.753,.753,30,48,.625,70,100,170,15,10,39,13,60,152,18.5,.744,.000,.593,13.5,19.5,16.5,4.0,0.9,6.6,11.3,9.2,0.0,1.7,0.6,2.3,.201,0.0,0.0,0.2,0.2,0.3,1802057.0
Jeremiah Robinson-Earl,C,21,OKC,24,17,522,62,148,.419,24,72,.333,38,76,.500,.500,14,21,.667,41,99,140,21,13,7,20,36,162,11.6,.515,.486,.142,7.9,19.7,13.7,6.3,1.2,1.3,11.3,14.7,0.0,0.2,0.5,0.7,.063,0.0,-2.0,-1.4,-3.4,-0.2,2000000.0
Isaiah Roby,PF,23,OKC,12,1,160,31,59,.525,5,15,.333,26,44,.591,.568,14,17,.824,12,21,33,10,3,5,8,15,81,18.4,.609,.254,.288,7.5,13.6,10.5,11.1,0.9,3.0,10.7,20.1,0.0,0.3,0.1,0.5,.138,0.0,0.6,-1.2,-0.6,0.1,1782621.0
Rajon Rondo,PG,35,LAL,14,0,208,20,63,.317,7,25,.280,13,38,.342,.373,0,0,0.0,8,26,34,50,11,3,23,20,47,7.8,.373,.397,.000,4.1,13.0,8.6,31.7,2.5,1.3,26.7,17.6,0.0,-0.4,0.2,-0.1,-0.032,0.0,-4.5,-0.7,-5.2,-0.2,2641691.0
Rajon Rondo,PG,35,LAL,14,0,208,20,63,.317,7,25,.280,13,38,.342,.373,0,0,0.0,8,26,34,50,11,3,23,20,47,7.8,.373,.397,.000,4.1,13.0,8.6,31.7,2.5,1.3,26.7,17.6,0.0,-0.4,0.2,-0.1,-0.032,0.0,-4.5,-0.7,-5.2,-0.2,2641691.0
Derrick Rose,PG,33,NYK,22,1,520,104,230,.452,31,78,.397,73,152,.480,.520,28,29,.966,18,47,65,85,18,12,32,13,267,18.9,.550,.339,.126,3.7,9.7,6.7,27.3,1.7,2.2,11.6,23.2,0.0,1.0,0.3,1.3,.119,0.0,3.1,-0.9,2.3,0.6,13445120.0
Terrence Ross,SG,30,ORL,25,0,624,89,225,.396,35,116,.302,54,109,.495,.473,42,52,.808,6,48,54,51,12,4,38,30,255,9.2,.514,.516,.231,1.0,8.2,4.6,12.9,0.9,0.6,13.3,19.6,0.0,-0.2,0.0,-0.1,-0.010,0.0,-2.6,-2.8,-5.4,-0.5,12500000.0
Terry Rozier,SG,27,CHO,19,19,626,124,289,.429,49,140,.350,75,149,.503,.514,40,46,.870,12,55,67,68,25,10,26,26,337,16.4,.545,.484,.159,2.0,9.7,5.7,16.0,1.9,1.5,7.8,22.7,0.0,0.9,0.2,1.0,.080,0.0,1.5,-1.1,0.4,0.4,17905263.0
Ricky Rubio,PG,31,CLE,26,5,752,114,316,.361,47,136,.346,67,180,.372,.435,69,81,.852,11,94,105,164,30,4,69,57,344,13.6,.489,.430,.256,1.6,13.4,7.6,33.3,2.0,0.5,16.4,24.5,0.0,0.2,1.0,1.2,.077,0.0,-0.7,-0.4,-1.1,0.2,17809524.0
D'Angelo Russell,PG,25,MIN,21,21,686,138,361,.382,60,186,.323,78,175,.446,.465,63,76,.829,10,71,81,135,18,16,56,46,399,16.0,.506,.515,.211,1.4,11.4,6.1,32.4,1.3,2.3,12.4,27.3,0.0,0.7,0.5,1.2,.086,0.0,2.0,-1.0,1.0,0.5,30013500.0
Domantas Sabonis,C,25,IND,27,26,920,185,319,.580,21,70,.300,164,249,.659,.613,94,124,.758,88,235,323,111,30,10,82,90,485,22.2,.649,.219,.389,10.7,27.6,19.3,18.8,1.6,0.9,18.0,21.6,0.0,2.6,1.3,3.8,.199,0.0,3.0,0.8,3.8,1.3,18562500.0
Tomáš Satoranský,SG,30,NOP,22,3,328,23,66,.348,3,14,.214,20,52,.385,.371,12,16,.750,13,31,44,43,7,0,16,28,61,6.3,.418,.212,.242,4.2,10.6,7.3,18.0,1.1,0.0,18.0,11.6,0.0,-0.1,0.0,-0.1,-0.008,0.0,-5.3,-1.6,-6.9,-0.4,10000000.0
Dennis Schröder,SG,28,BOS,25,16,836,158,356,.444,41,118,.347,117,238,.492,.501,83,93,.892,17,74,91,125,24,1,64,59,440,15.5,.554,.331,.261,2.2,9.6,5.8,24.4,1.4,0.1,13.9,24.2,0.0,1.0,0.6,1.7,.095,0.0,-0.1,-1.6,-1.8,0.0,5890000.0
Wayne Selden,SG,27,NYK,1,0,1,0,0,0.0,0,0,0.0,0,0,0.0,0.0,0,0,0.0,0,0,0,0,0,0,0,0,0,0.0,0.0,0.0,0.0,0.0,0.0,0.0,0.0,0.0,0.0,0.0,0.0,0.0,0.0,0.0,0.0,-0.018,0.0,-8.5,-3.0,-11.6,0.0,1729217.0
Alperen Şengün,C,19,HOU,23,2,409,65,134,.485,10,28,.357,55,106,.519,.522,56,79,.709,32,70,102,59,25,14,40,68,196,18.1,.581,.209,.590,8.4,18.0,13.3,22.9,2.9,3.2,19.2,21.6,0.0,0.6,0.6,1.2,.141,0.0,-0.6,1.9,1.3,0.3,3214680.0
Collin Sexton,SG,23,CLE,11,11,316,68,151,.450,11,45,.244,57,106,.538,.487,29,39,.744,13,23,36,23,10,0,31,25,176,11.8,.523,.298,.258,4.6,7.8,6.2,12.3,1.6,0.0,15.6,27.6,0.0,-0.2,0.3,0.1,.016,0.0,-3.0,-2.0,-5.1,-0.2,6349671.0
Landry Shamet,SG,24,PHO,23,3,455,56,149,.376,42,104,.404,14,45,.311,.517,25,30,.833,5,52,57,39,6,2,12,26,179,11.2,.552,.698,.201,1.2,11.7,6.6,11.3,0.6,0.4,6.9,16.6,0.0,0.5,0.5,1.0,.103,0.0,0.0,-1.1,-1.0,0.1,3768342.0
Day'Ron Sharpe,PF,20,BRK,8,0,36,9,17,.529,1,3,.333,8,14,.571,.559,2,5,.400,8,9,17,0,2,2,6,4,21,19.3,.547,.176,.294,24.6,25.4,25.0,0.0,2.7,5.0,23.8,30.8,0.0,-0.1,0.1,0.0,.031,0.0,-2.6,-2.0,-4.6,0.0,2009040.0
Pascal Siakam,PF,27,TOR,14,14,472,102,212,.481,18,50,.360,84,162,.519,.524,49,66,.742,28,75,103,53,9,11,33,47,271,19.1,.562,.236,.311,6.1,18.4,11.9,18.5,1.0,2.3,12.0,24.9,0.0,0.9,0.4,1.3,.131,0.0,2.2,-0.7,1.4,0.4,31320000.0
Marko Simonovic,C,22,CHI,2,0,8,0,1,.000,0,1,.000,0,0,0.0,.000,1,2,.500,0,1,1,0,0,0,1,0,1,-7.0,.266,1.000,2.000,0.0,13.7,6.8,0.0,0.0,0.0,34.7,15.8,0.0,0.0,0.0,0.0,-0.249,0.0,-13.7,-4.2,-17.9,0.0,925258.0
Anfernee Simons,SG,22,POR,22,3,505,100,218,.459,45,118,.381,55,100,.550,.562,18,19,.947,11,47,58,48,10,4,25,35,263,15.2,.581,.541,.087,2.4,10.4,6.3,15.1,1.0,0.8,9.9,21.7,0.0,0.8,0.1,0.8,.080,0.0,1.3,-2.0,-0.7,0.2,3938818.0
Marcus Smart,PG,27,BOS,25,25,862,100,251,.398,35,120,.292,65,131,.496,.468,48,62,.774,14,84,98,139,55,7,51,61,283,13.0,.508,.478,.247,1.7,10.5,6.1,23.5,3.2,0.8,15.5,16.8,0.0,0.5,1.1,1.6,.089,0.0,-2.2,1.5,-0.7,0.3,14339285.0
Dennis Smith Jr.,PG,24,POR,15,3,274,34,80,.425,5,18,.278,29,62,.468,.456,19,27,.704,6,30,36,50,21,6,27,22,92,13.2,.501,.225,.338,2.4,12.2,7.2,25.9,3.8,2.1,22.7,18.9,0.0,-0.1,0.3,0.2,.034,0.0,-2.5,1.3,-1.2,0.1,1789256.0
Ish Smith,PG,33,CHO,18,1,245,40,96,.417,3,6,.500,37,90,.411,.432,3,8,.375,2,21,23,44,8,4,16,13,86,9.6,.432,.063,.083,0.8,9.5,5.0,25.1,1.6,1.5,13.9,19.9,0.0,-0.2,0.0,-0.2,-0.035,0.0,-3.8,-2.3,-6.1,-0.3,4500000.0
Jalen Smith,PF,21,PHO,7,0,36,7,14,.500,0,2,.000,7,12,.583,.500,6,7,.857,4,11,15,0,1,1,1,3,20,21.8,.585,.143,.500,12.0,31.2,21.9,0.0,1.3,2.4,5.5,21.7,0.0,0.1,0.1,0.2,.229,0.0,1.2,-1.2,0.0,0.0,4458000.0
Tony Snell,SG,30,POR,20,3,243,13,43,.302,9,33,.273,4,10,.400,.407,1,1,1.000,2,26,28,12,4,3,4,17,36,3.9,.414,.767,.023,0.9,12.0,6.3,6.4,0.8,1.2,8.4,8.5,0.0,-0.1,0.0,-0.1,-0.012,0.0,-4.3,-1.0,-5.3,-0.2,2389641.0
Jaden Springer,SG,19,PHI,1,0,2,0,0,0.0,0,0,0.0,0,0,0.0,0.0,0,0,0.0,0,0,0,0,0,0,0,0,0,0.0,0.0,0.0,0.0,0.0,0.0,0.0,0.0,0.0,0.0,0.0,0.0,0.0,0.0,0.0,0.0,-0.011,0.0,-5.9,-4.5,-10.4,0.0,2023800.0
Lamar Stevens,PF,24,CLE,16,0,163,18,47,.383,6,16,.375,12,31,.387,.447,4,7,.571,10,15,25,5,4,4,6,20,46,7.1,.459,.340,.149,6.8,9.8,8.4,4.4,1.2,2.2,10.7,15.1,0.0,-0.1,0.2,0.1,.039,0.0,-4.5,0.0,-4.5,-0.1,1517981.0
Isaiah Stewart,C,20,DET,22,22,560,75,134,.560,1,11,.091,74,123,.602,.563,17,25,.680,55,123,178,26,9,27,24,57,168,14.6,.579,.082,.187,10.0,25.9,17.3,7.7,0.8,4.4,14.2,13.0,0.0,0.6,0.6,1.2,.105,0.0,-2.5,-0.4,-2.9,-0.1,3277080.0
Max Strus,SF,25,MIA,19,0,384,57,124,.460,38,91,.418,19,33,.576,.613,13,18,.722,5,52,57,15,8,2,12,28,165,12.9,.625,.734,.145,1.5,15.0,8.3,5.9,1.0,0.6,8.3,16.6,0.0,0.6,0.4,0.9,.117,0.0,0.7,-0.1,0.6,0.2,1669178.0
Jalen Suggs,PG,20,ORL,21,21,583,87,257,.339,26,102,.255,61,155,.394,.389,58,76,.763,16,55,71,75,24,9,67,58,258,7.7,.444,.397,.296,2.9,10.1,6.4,20.5,2.0,1.4,18.7,26.3,0.0,-1.4,0.3,-1.1,-0.092,0.0,-4.7,-2.0,-6.8,-0.7,6593040.0
Jae'Sean Tate,SF,26,HOU,24,24,675,116,233,.498,17,64,.266,99,169,.586,.534,47,64,.734,49,104,153,68,19,17,48,81,296,15.0,.567,.275,.275,7.8,16.2,12.1,16.3,1.3,2.4,15.5,19.4,0.0,0.8,0.6,1.4,.099,0.0,-1.3,-0.3,-1.6,0.1,1517981.0
Jayson Tatum,SF,23,BOS,26,26,945,233,562,.415,72,216,.333,161,346,.465,.479,129,156,.827,29,200,229,94,24,20,71,65,667,19.3,.529,.384,.278,3.3,22.9,13.0,17.9,1.3,2.0,10.1,32.6,0.0,0.8,1.2,2.0,.100,0.0,2.1,-0.9,1.2,0.8,28103550.0
Garrett Temple,SG,35,NOP,25,9,469,45,120,.375,25,72,.347,20,48,.417,.479,19,24,.792,17,52,69,28,23,14,20,43,134,10.2,.513,.600,.200,3.8,12.5,8.0,8.5,2.4,2.8,13.3,13.7,0.0,0.1,0.3,0.5,.046,0.0,-2.6,0.1,-2.6,-0.1,4910000.0
Daniel Theis,C,29,HOU,17,15,388,54,110,.491,16,51,.314,38,59,.644,.564,18,24,.750,18,64,82,14,7,9,21,42,142,11.0,.589,.464,.218,5.0,17.3,11.2,5.6,0.9,2.2,14.8,15.4,0.0,0.2,0.3,0.6,.068,0.0,-2.2,-1.0,-3.2,-0.1,8372093.0
Cameron Thomas,SG,20,BRK,18,0,220,33,88,.375,6,36,.167,27,52,.519,.409,14,18,.778,4,21,25,12,7,3,4,6,86,9.9,.448,.409,.205,2.0,9.7,6.0,8.0,1.5,1.2,4.0,20.0,0.0,-0.1,0.2,0.1,.021,0.0,-2.9,-1.0,-3.9,-0.1,2036280.0
Matt Thomas,SG,27,CHI,8,0,49,5,19,.263,2,9,.222,3,10,.300,.316,0,0,0.0,0,5,5,0,2,1,0,3,12,1.9,.316,.474,.000,0.0,11.2,5.6,0.0,2.0,1.8,0.0,17.0,0.0,-0.1,0.1,-0.1,-0.083,0.0,-7.6,-0.6,-8.2,-0.1,1669178.0
Tristan Thompson,PF,30,SAC,17,0,242,42,80,.525,0,0,0.0,42,80,.525,.525,21,37,.568,44,53,97,10,6,7,12,29,105,19.1,.545,.000,.463,19.2,22.9,21.1,6.2,1.2,2.4,11.1,19.0,0.0,0.5,0.2,0.7,.145,0.0,0.2,-1.8,-1.6,0.0,9720900.0
JT Thor,PF,19,CHO,5,0,50,5,11,.455,1,6,.167,4,5,.800,.500,2,4,.500,2,4,6,2,1,1,0,4,13,9.2,.509,.545,.364,4.1,8.8,6.4,5.1,1.0,1.9,0.0,10.8,0.0,0.1,0.0,0.1,.055,0.0,-2.1,-1.9,-4.0,0.0,1250000.0
Matisse Thybulle,SG,24,PHI,18,5,449,42,84,.500,11,40,.275,31,44,.705,.565,6,6,1.000,9,34,43,19,34,22,17,38,101,11.5,.583,.476,.071,2.2,8.3,5.3,5.9,3.8,4.4,16.4,10.4,0.0,0.1,0.7,0.8,.083,0.0,-2.4,2.8,0.4,0.3,2840160.0
Xavier Tillman Sr.,PF,23,MEM,18,0,247,33,77,.429,4,22,.182,29,55,.527,.455,14,21,.667,23,33,56,25,19,7,13,18,84,15.9,.487,.286,.273,9.8,14.5,12.1,13.9,3.7,2.6,13.1,16.8,0.0,0.2,0.3,0.5,.096,0.0,-0.2,0.6,0.4,0.2,1517981.0
Isaiah Todd,PF,20,WAS,4,0,11,2,6,.333,2,3,.667,0,3,.000,.500,1,2,.500,1,1,2,0,2,1,1,1,7,23.1,.509,.500,.333,10.3,9.5,9.9,0.0,9.1,7.5,12.7,32.1,0.0,0.0,0.0,0.0,.094,0.0,1.9,8.5,10.4,0.0,1500000.0
Obi Toppin,PF,23,NYK,25,0,389,82,152,.539,8,41,.195,74,111,.667,.566,35,46,.761,29,62,91,23,9,16,22,37,207,19.8,.601,.270,.303,7.9,17.1,12.5,10.1,1.2,3.8,11.3,21.9,0.0,0.8,0.3,1.2,.145,0.0,1.1,-0.2,0.8,0.3,5105160.0
Juan Toscano-Anderson,SF,28,GSW,24,1,395,49,92,.533,9,32,.281,40,60,.667,.582,17,26,.654,14,57,71,53,16,10,29,34,124,12.9,.599,.348,.283,4.0,15.0,9.8,18.4,2.0,2.5,21.9,14.4,0.0,0.4,0.8,1.2,.145,0.0,-1.4,2.0,0.6,0.3,1701593.0
Karl-Anthony Towns,C,26,MIN,24,24,829,206,405,.509,63,139,.453,143,266,.538,.586,105,130,.808,69,153,222,80,25,25,82,87,580,23.3,.627,.343,.321,8.2,20.3,13.9,17.2,1.5,2.9,15.1,27.3,0.0,2.2,1.0,3.3,.188,0.0,4.6,0.0,4.6,1.4,31610000.0
Gary Trent Jr.,SG,23,TOR,23,22,792,142,335,.424,61,165,.370,81,170,.476,.515,39,42,.929,11,66,77,42,46,8,20,50,384,15.5,.543,.493,.125,1.4,9.6,5.3,8.2,2.9,1.0,5.4,20.2,0.0,1.2,0.7,1.9,.118,0.0,0.1,0.6,0.6,0.5,16000000.0
P.J. Tucker,PF,36,MIA,26,26,719,68,137,.496,27,64,.422,41,73,.562,.595,14,17,.824,41,101,142,50,19,7,21,66,177,11.4,.613,.467,.124,6.5,15.5,11.1,9.7,1.3,1.1,12.7,10.2,0.0,1.1,0.8,1.9,.127,0.0,-0.5,1.1,0.6,0.5,7000000.0
Myles Turner,C,25,IND,26,26,757,121,228,.531,48,121,.397,73,107,.682,.636,46,65,.708,38,153,191,25,15,73,35,65,336,19.2,.655,.531,.285,5.6,21.8,13.9,4.8,1.0,8.2,12.0,16.8,0.0,1.5,1.3,2.7,.174,0.0,1.6,1.2,2.8,0.9,18000000.0
Jonas Valančiūnas,C,29,NOP,27,27,847,195,379,.515,31,67,.463,164,312,.526,.555,88,107,.822,92,231,323,66,16,26,56,87,509,22.8,.597,.177,.282,11.4,30.7,20.7,13.7,0.9,2.9,11.6,24.3,0.0,2.2,0.7,2.9,.164,0.0,3.0,-0.9,2.1,0.9,14000000.0
Denzel Valentine,SG,28,CLE,16,0,102,10,36,.278,7,23,.304,3,13,.231,.375,0,0,0.0,6,11,17,3,5,0,6,9,27,3.6,.375,.639,.000,6.5,11.5,9.1,4.1,2.4,0.0,14.3,18.0,0.0,-0.2,0.1,-0.1,-0.048,0.0,-5.7,-0.4,-6.1,-0.1,1789256.0
Jarred Vanderbilt,PF,22,MIN,24,17,556,57,106,.538,0,7,.000,57,99,.576,.538,24,29,.828,75,123,198,28,33,18,25,68,138,15.9,.581,.066,.274,13.4,24.3,18.5,7.1,2.9,3.1,17.4,10.8,0.0,0.9,1.0,1.8,.159,0.0,-1.5,1.3,-0.2,0.3,4259259.0
Fred VanVleet,PG,27,TOR,24,24,916,169,389,.434,77,197,.391,92,192,.479,.533,60,71,.845,17,105,122,150,35,14,76,65,475,17.2,.565,.506,.183,1.9,13.3,7.3,25.6,1.9,1.5,15.3,23.2,0.0,1.5,0.7,2.2,.114,0.0,2.2,-0.3,1.9,0.9,19675926.0
Devin Vassell,SF,21,SAS,18,0,450,80,171,.468,33,85,.388,47,86,.547,.564,16,22,.727,9,57,66,25,21,12,13,36,209,15.3,.578,.497,.129,2.1,13.5,7.7,7.8,2.2,2.4,6.7,18.4,0.0,0.5,0.6,1.1,.114,0.0,0.0,0.0,0.1,0.2,4235160.0
Gabe Vincent,PG,25,MIA,23,1,396,53,122,.434,28,76,.368,25,46,.543,.549,13,16,.813,11,25,36,52,15,3,26,47,147,11.6,.570,.623,.131,3.2,7.0,5.1,19.4,1.9,0.8,16.8,17.4,0.0,0.4,0.4,0.8,.092,0.0,-1.7,0.1,-1.6,0.0,1669178.0
Nikola Vučević,C,31,CHI,19,19,630,121,292,.414,31,90,.344,90,202,.446,.467,20,32,.625,33,169,202,69,18,20,31,45,293,15.9,.479,.308,.110,5.7,29.3,17.6,16.6,1.4,2.8,9.2,23.5,0.0,0.0,1.1,1.1,.085,0.0,0.2,-0.2,0.0,0.3,24000000.0
Dean Wade,PF,25,CLE,17,11,363,32,76,.421,17,51,.333,15,25,.600,.533,5,6,.833,12,41,53,21,11,1,5,32,86,9.2,.547,.671,.079,3.7,12.1,8.0,8.0,1.5,0.2,6.0,10.1,0.0,0.4,0.4,0.8,.110,0.0,-2.0,1.1,-0.9,0.1,1782621.0
Franz Wagner,SF,20,ORL,26,26,823,137,310,.442,37,98,.378,100,212,.472,.502,49,60,.817,34,80,114,73,31,12,31,62,360,14.3,.535,.316,.194,4.3,10.4,7.3,14.5,1.8,1.4,8.4,19.1,0.0,0.9,0.4,1.3,.075,0.0,-0.2,-0.8,-1.0,0.2,5007840.0
Moritz Wagner,C,24,ORL,24,0,266,44,101,.436,23,65,.354,21,36,.583,.550,26,35,.743,10,46,56,17,3,5,18,45,137,13.1,.588,.644,.347,3.9,18.4,11.1,10.5,0.5,1.7,13.4,21.7,0.0,0.3,0.1,0.4,.069,0.0,-0.7,-1.4,-2.2,0.0,1729217.0
Ish Wainright,PF,27,PHO,6,0,27,1,7,.143,0,3,.000,1,4,.250,.143,0,2,.000,3,2,5,2,2,0,2,7,2,-3.7,.127,.429,.286,12.0,7.6,9.7,8.8,3.5,0.0,20.2,15.8,0.0,-0.1,0.0,-0.1,-0.156,0.0,-13.7,0.8,-12.9,-0.1,0.0
Kemba Walker,PG,31,NYK,18,18,441,76,177,.429,38,92,.413,38,85,.447,.537,20,25,.800,2,44,46,55,19,5,24,19,210,15.6,.559,.520,.141,0.5,10.7,5.6,19.9,2.1,1.1,11.3,21.1,0.0,0.6,0.3,0.9,.094,0.0,1.0,0.0,1.0,0.3,8729020.0
Kemba Walker,PG,31,NYK,18,18,441,76,177,.429,38,92,.413,38,85,.447,.537,20,25,.800,2,44,46,55,19,5,24,19,210,15.6,.559,.520,.141,0.5,10.7,5.6,19.9,2.1,1.1,11.3,21.1,0.0,0.6,0.3,0.9,.094,0.0,1.0,0.0,1.0,0.3,8729020.0
Lonnie Walker,SG,23,SAS,23,3,511,83,225,.369,34,119,.286,49,106,.462,.444,27,33,.818,3,63,66,58,16,8,30,30,227,10.4,.474,.529,.147,0.6,13.1,6.8,15.6,1.5,1.4,11.1,22.6,0.0,-0.4,0.5,0.0,.004,0.0,-2.5,-1.7,-4.2,-0.3,4447896.0
Brad Wanamaker,PG,32,IND,15,0,189,19,53,.358,4,14,.286,15,39,.385,.396,15,17,.882,4,21,25,33,2,6,15,29,57,8.4,.471,.264,.321,2.4,12.0,7.3,23.5,0.5,2.7,19.9,17.4,0.0,0.0,0.1,0.1,.027,0.0,-4.4,-1.1,-5.5,-0.2,1729217.0
P.J. Washington,PF,23,CHO,15,3,375,56,123,.455,30,67,.448,26,56,.464,.577,16,23,.696,18,60,78,29,11,19,21,32,158,15.3,.593,.545,.187,4.9,17.7,11.1,10.6,1.4,4.8,13.6,17.4,0.0,0.5,0.2,0.7,.090,0.0,0.7,-0.7,0.0,0.2,4215120.0
Yuta Watanabe,SF,27,TOR,6,0,103,11,30,.367,8,21,.381,3,9,.333,.500,4,8,.500,5,11,16,6,3,2,1,9,34,11.8,.507,.700,.267,5.0,12.3,8.5,8.1,1.5,1.9,2.9,14.4,0.0,0.2,0.1,0.2,.102,0.0,0.2,0.2,0.5,0.1,1762769.0
Russell Westbrook,PG,33,LAL,25,25,905,190,422,.450,34,107,.318,156,315,.495,.491,96,139,.691,33,161,194,217,32,4,114,78,510,17.1,.528,.254,.329,3.9,18.6,11.3,37.2,1.7,0.4,19.1,28.1,0.0,0.5,1.0,1.4,.075,0.0,0.4,-0.8,-0.4,0.3,44211146.0
Coby White,PG,21,CHI,9,1,158,22,63,.349,7,31,.226,15,32,.469,.405,4,7,.571,1,22,23,12,1,1,8,15,55,4.5,.416,.492,.111,0.7,15.2,8.0,10.7,0.3,0.6,10.8,20.6,0.0,-0.3,0.1,-0.2,-0.056,0.0,-6.5,-1.9,-8.4,-0.3,5837760.0
Derrick White,SG,27,SAS,23,23,720,111,275,.404,37,124,.298,74,151,.490,.471,46,56,.821,13,69,82,117,26,21,33,50,305,14.5,.509,.451,.204,1.9,10.2,6.0,22.1,1.7,2.6,9.9,19.8,0.0,0.6,0.7,1.3,.089,0.0,-0.2,0.0,-0.2,0.3,15178571.0
Hassan Whiteside,C,32,UTA,22,0,336,59,101,.584,0,0,0.0,59,101,.584,.584,30,43,.698,44,96,140,6,5,28,22,67,148,19.2,.617,.000,.426,15.3,29.5,22.8,2.6,0.7,7.1,15.5,18.4,0.0,0.7,0.7,1.4,.197,0.0,-2.3,0.8,-1.5,0.0,2401537.0
Andrew Wiggins,SF,26,GSW,25,25,761,170,349,.487,54,130,.415,116,219,.530,.564,68,93,.731,29,81,110,42,20,13,40,41,462,17.2,.592,.372,.266,4.3,11.1,7.9,8.8,1.3,1.7,9.3,24.3,0.0,1.3,1.3,2.5,.160,0.0,1.2,-1.0,0.2,0.4,31579390.0
Grant Williams,PF,23,BOS,26,9,565,63,127,.496,36,85,.424,27,42,.643,.638,23,26,.885,16,68,84,28,9,17,16,50,185,12.7,.668,.669,.205,3.0,13.0,8.0,7.2,0.8,2.9,10.4,12.0,0.0,1.1,0.5,1.6,.134,0.0,0.0,-0.5,-0.6,0.2,2617800.0
Kenrich Williams,SF,27,OKC,21,0,431,58,123,.472,17,44,.386,41,79,.519,.541,17,30,.567,21,52,73,40,21,5,16,36,150,14.0,.551,.358,.244,4.9,12.5,8.7,14.9,2.4,1.1,10.5,15.3,0.0,0.5,0.4,0.9,.101,0.0,-1.2,0.9,-0.3,0.2,2000000.0
Lou Williams,PG,35,ATL,20,0,270,46,121,.380,13,36,.361,33,85,.388,.434,22,26,.846,6,23,29,26,11,2,18,19,127,11.2,.479,.298,.215,2.4,8.9,5.8,13.9,2.0,0.7,12.0,24.4,0.0,-0.1,0.1,0.0,.003,0.0,-3.5,-1.9,-5.4,-0.2,5000000.0
Patrick Williams,PF,20,CHI,5,5,125,13,23,.565,3,6,.500,10,17,.588,.630,4,4,1.000,1,10,11,3,3,2,2,9,33,9.7,.666,.261,.174,0.9,8.8,4.8,3.2,1.2,1.4,7.5,9.4,0.0,0.2,0.1,0.3,.109,0.0,-1.5,-2.7,-4.3,-0.1,7422000.0
Robert Williams,C,24,BOS,19,19,529,76,103,.738,0,0,0.0,76,103,.738,.738,20,31,.645,68,90,158,22,15,33,24,32,172,20.1,.737,.000,.301,13.7,18.4,16.0,6.3,1.4,5.9,17.1,11.7,0.0,1.5,0.8,2.3,.205,0.0,1.6,0.5,2.0,0.5,3661976.0
Ziaire Williams,SF,20,MEM,19,0,339,35,99,.354,16,65,.246,19,34,.559,.434,4,6,.667,5,23,28,12,8,6,11,33,90,4.6,.443,.657,.061,1.5,7.4,4.4,4.7,1.1,1.6,9.8,13.9,0.0,-0.2,0.1,-0.2,-0.023,0.0,-5.1,-3.2,-8.3,-0.5,4373160.0
Dylan Windler,SF,25,CLE,18,0,189,17,38,.447,10,25,.400,7,13,.538,.579,3,4,.750,8,24,32,18,5,2,8,19,47,10.2,.591,.658,.105,4.7,13.6,9.2,13.3,1.3,0.9,16.8,11.1,0.0,0.2,0.2,0.4,.114,0.0,-1.9,1.0,-1.0,0.0,2239200.0
Justise Winslow,SF,25,LAC,17,0,129,15,40,.375,1,8,.125,14,32,.438,.388,2,4,.500,8,27,35,17,7,5,14,11,33,8.9,.395,.200,.100,6.7,21.8,14.4,19.0,2.6,3.3,25.1,18.8,0.0,-0.3,0.3,0.0,-0.017,0.0,-5.9,1.7,-4.2,-0.1,3902439.0
Christian Wood,C,26,HOU,24,24,763,148,323,.458,40,112,.357,108,211,.512,.520,55,96,.573,45,226,271,55,13,28,42,56,391,16.9,.535,.347,.297,6.4,31.1,18.9,12.1,0.8,3.4,10.3,22.6,0.0,0.5,1.0,1.6,.100,0.0,0.5,-0.9,-0.3,0.3,13666667.0
Robert Woodard,SF,22,SAC,1,0,3,0,0,0.0,0,0,0.0,0,0,0.0,0.0,0,0,0.0,0,0,0,0,0,0,0,0,0,0.0,0.0,0.0,0.0,0.0,0.0,0.0,0.0,0.0,0.0,0.0,0.0,0.0,0.0,0.0,0.0,-0.021,0.0,-5.9,-3.0,-8.9,0.0,1517981.0
Delon Wright,SG,29,ATL,23,0,322,24,62,.387,8,21,.381,16,41,.390,.452,13,17,.765,18,47,65,49,16,3,10,12,69,13.8,.497,.339,.274,6.1,15.3,10.8,19.3,2.5,0.9,12.6,10.8,0.0,0.5,0.3,0.8,.118,0.0,-0.1,1.6,1.5,0.3,8526316.0
Thaddeus Young,PF,33,SAS,19,0,287,60,103,.583,0,3,.000,60,100,.600,.583,7,16,.438,28,39,67,49,19,6,22,27,127,20.4,.577,.029,.155,10.2,14.4,12.3,25.1,3.2,1.9,16.7,19.7,0.0,0.5,0.4,0.9,.151,0.0,1.0,1.7,2.7,0.3,14190000.0
Trae Young,PG,23,ATL,25,25,855,228,500,.456,69,176,.392,159,324,.491,.525,132,149,.886,18,81,99,236,23,3,99,43,657,24.9,.581,.352,.298,2.3,9.9,6.2,46.3,1.3,0.3,14.9,34.0,0.0,2.9,0.3,3.2,.178,0.0,6.4,-2.1,4.3,1.4,8326471.0
Omer Yurtseven,C,23,MIA,17,0,105,19,36,.528,0,2,.000,19,34,.559,.528,7,10,.700,6,19,25,5,1,7,7,12,45,14.3,.557,.056,.278,6.5,20.0,13.4,7.6,0.5,7.4,14.8,20.0,0.0,0.0,0.1,0.2,.087,0.0,-3.7,-0.1,-3.8,0.0,1489065.0
Cody Zeller,C,29,POR,24,0,319,43,76,.566,0,4,.000,43,72,.597,.566,36,47,.766,43,67,110,20,7,6,17,50,122,17.6,.631,.053,.618,14.6,23.5,19.0,9.0,1.1,1.8,15.0,15.5,0.0,0.9,0.2,1.1,.164,0.0,-0.8,-1.1,-1.9,0.0,2389641.0
Ivica Zubac,C,24,LAC,26,26,648,95,142,.669,0,0,0.0,95,142,.669,.669,71,92,.772,64,149,213,29,13,28,32,56,261,19.8,.715,.000,.648,10.7,23.9,17.4,6.7,1.0,3.7,14.9,14.4,0.0,2.0,1.1,3.1,.230,0.0,0.7,0.9,1.6,0.6,7518518.0
